build_variant_id	contigName	class	frameshift_variant	EXON_ratio	INTRON_ratio	splice_acceptor_variant	splice_donor_variant	splice_region_variant	start_lost	stop_gained	stop_retained_variant	gene_cluster	lof_gene	missense_gene	nmp	pw1	hw1	pw2	hw2	pw3	hw3	gfq	gab	nmpos	gmc	gmbr	gmpr	sft	sftdel	sftdelc	sfttol	sfttolc	pb	ppd	ppod	spa	sprf	ime	inr
GRCh37_21_36164448_A_ACGGCCTCCTCCAGGCGCGCGGAGGGCGCCATGTTGGTGGGGGAGTTGCTGTGGCTGCCCT	21	3	0.0	1.0		0.0	0.0	0.0	0.0	0.0	0.0	1.0	65.0	23.0	0	0.0	1	0.03571428571428571	1	0.018867924528301886	1		0	0	312.0	0.060897435897435896	0.07371794871794872		0.0	0.0	0.0	0.0	0.0	0.0	0.0			1	0
GRCh37_21_47423059_C_T	21	2	0.0	0.9714285714285714		0.0	0.0	0.0	0.0	0.0	0.0	1.0	65.0	48.0	0	0.0	1	0.125	1	0.1111111111111111	1		0	0	363.0	0.0440771349862259	0.10192837465564739		0.0	0.0	0.0	0.0	0.0	0.0	0.0			0	0
GRCh37_21_47541744_A_G	21	1	0.0		0.6666666666666666	0.0	0.0	0.0	0.0	0.0	0.0	1.0	95.0	45.0	0	0.0	0	0.0	0	0.0	0	1.0	1	0	323.0	0.021671826625386997	0.1021671826625387		0.0	0.0	0.0	0.0	0.0	0.0	0.0			0	0
GRCh37_21_47552175_C_A	21	3	0.0	1.0		0.0	0.0	0.0	0.0	0.0	0.0	2.0	4.0	2.0	0	0.0	1	0.0	1	0.030303030303030304	1	0.00011811953697141507	1	0	172.0	0.09883720930232558	0.029069767441860465	0.079	0.0	0.0	1.0	0.0	1.0	0.0	0.0			0	0
GRCh37_21_47571832_C_T	21	3	0.0	0.2857142857142857	1.0	0.0	0.0	0.0	0.0	0.0	0.0	2.0	4.0	2.0	0	0.0	1	0.1	1	0.1	1	0.0006653359946773121	1	0	172.0	0.09883720930232558	0.029069767441860465	0.021	3.0	0.0	0.0	0.0	0.0	0.0	3.0			0	0
GRCh37_21_34011336_G_C	21	3	0.0	0.96875		0.0	0.0	0.0	0.0	0.0	0.0	2.0	22.0	3.0	0	0.0	0	0.0	1	0.041666666666666664	1	2.6375945138034114e-05	1	0	306.0	0.05555555555555555	0.00980392156862745	0.003	0.0	4.0	0.0	0.0	0.0	2.0	2.0			0	0
GRCh37_21_34100294_C_A	21	3	0.0	0.03125		0.0	0.0	0.0	0.0	0.0	0.0	2.0	22.0	3.0	0	0.0	1	0.0	1	0.07692307692307693	1	8.89284126278346e-05	1	0	306.0	0.05555555555555555	0.00980392156862745	0.0	0.0	1.0	0.0	0.0	0.0	0.0	1.0			0	0
GRCh37_21_38137390_C_A	21	4	0.0	0.75		0.0	0.0	0.0	0.0	8.0	0.0	1.0	42.0	11.0	0	0.25	1	0.14285714285714285	1	0.14285714285714285	1		0	0	97.0	0.08247422680412371	0.08247422680412371		0.0	0.0	0.0	0.0	0.0	0.0	0.0			0	0
GRCh37_21_46602522_G_C	21	3	0.0	0.5454545454545454		0.0	0.0	0.0	0.0	0.0	0.0	4.0	0.0	4.0	0	0.0	0	0.0	0	0.0	0	3.3257948649727285e-05	1	0	7.0	0.14285714285714285	0.5714285714285714	0.022	6.0	0.0	0.0	0.0	6.0	0.0	0.0			0	0
GRCh37_21_47404333_C_T	21	3	0.0	0.08571428571428572		0.0	0.0	0.0	0.0	0.0	0.0	1.0	65.0	48.0	0	0.10526315789473684	1	0.10344827586206896	1	0.08333333333333333	1	0.00026040159712979575	1	0	363.0	0.0440771349862259	0.10192837465564739		0.0	0.0	0.0	0.0	0.0	0.0	0.0			0	0
GRCh37_21_47414066_C_T	21	1	0.0		0.5588235294117647	0.0	0.0	0.0	0.0	0.0	0.0	1.0	65.0	48.0	0	0.0	1	0.0	1	0.07142857142857142	1	0.005422993492407809	1	0	363.0	0.0440771349862259	0.10192837465564739		0.0	0.0	0.0	0.0	0.0	0.0	0.0			0	0
GRCh37_21_44836922_A_C	21	3	0.0	1.0		0.0	0.0	0.0	0.0	0.0	0.0	2.0	3.0	3.0	0	0.0	1	0.0	1	0.0	1		0	0	218.0	0.25229357798165136	0.009174311926605505	0.618	0.0	0.0	0.0	1.0	1.0	0.0	0.0			0	0
GRCh37_21_45929160_CAT_C	21	5	2.0	0.8461538461538461		0.0	0.0	0.0	0.0	0.0	0.0	1.0	11.0	5.0	0	0.0	1	0.16666666666666666	1	0.1111111111111111	1	9.676795045480937e-05	1	0	51.0	0.3137254901960784	0.0196078431372549		0.0	0.0	0.0	0.0	0.0	0.0	0.0			0	0
GRCh37_21_47546055_G_A	21	3	0.0	0.9285714285714286		0.0	0.0	0.0	0.0	0.0	0.0	1.0	95.0	45.0	0	0.0	1	0.125	1	0.09523809523809523	1	0.0006368689207966651	1	0	323.0	0.021671826625386997	0.1021671826625387	0.067	2.0	0.0	1.0	0.0	0.0	1.0	2.0			0	0
GRCh37_21_47552147_CCTT_C	21	3	0.0	1.0		0.0	0.0	0.0	0.0	0.0	0.0	2.0	4.0	2.0	0	0.0	1	0.0	1	0.030303030303030304	1	1.017397497202157e-05	1	0	172.0	0.09883720930232558	0.029069767441860465		0.0	0.0	0.0	0.0	0.0	0.0	0.0			1	0
GRCh37_21_47545234_C_A	21	2	0.0		0.8888888888888888	0.0	0.0	0.0	0.0	0.0	0.0	1.0	95.0	45.0	0	0.1	1	0.1	1	0.08333333333333333	1		0	0	323.0	0.021671826625386997	0.1021671826625387		0.0	0.0	0.0	0.0	0.0	0.0	0.0			0	0
GRCh37_21_47545773_G_C	21	3	0.0	0.9285714285714286		0.0	0.0	0.0	0.0	0.0	0.0	1.0	95.0	45.0	0	0.25	1	0.15384615384615385	1	0.16129032258064516	1	0.00012347203358439315	1	0	323.0	0.021671826625386997	0.1021671826625387	0.103	3.0	0.0	0.0	0.0	0.0	3.0	0.0			0	0
GRCh37_21_47552093_A_C	21	3	0.0	1.0		0.0	0.0	0.0	0.0	0.0	0.0	2.0	4.0	2.0	0	0.09090909090909091	1	0.0625	1	0.030303030303030304	1		0	0	172.0	0.09883720930232558	0.029069767441860465	0.183	0.0	0.0	1.0	0.0	1.0	0.0	0.0			0	0
GRCh37_21_44592349_G_A	21	3	0.0	1.0		0.0	0.0	0.0	0.0	0.0	0.0	1.0	2.0	10.0	0	0.3333333333333333	1	0.25	1	0.2727272727272727	1	0.0002725984080252971	1	0	20.0		0.45	0.001	2.0	0.0	0.0	0.0	0.0	1.0	1.0			0	0
GRCh37_21_47546470_C_T	21	2	0.0		1.0	0.0	0.0	0.0	0.0	0.0	0.0	1.0	95.0	45.0	0	0.0	1	0.08333333333333333	1	0.08333333333333333	1		0	0	323.0	0.021671826625386997	0.1021671826625387		0.0	0.0	0.0	0.0	0.0	0.0	0.0			0	0
GRCh37_21_45798896_C_T	21	2	0.0	0.25806451612903225		0.0	0.0	0.0	0.0	0.0	0.0				0	0.0	0	0.0	0	0.0	0	0.0029055390702274974	1	0	18.0	0.9444444444444444		1.0	0.0	0.0	3.0	0.0	3.0	0.0	0.0			0	0
GRCh37_21_36164565_G_A	21	3	0.0	1.0		0.0	0.0	0.0	0.0	0.0	0.0	1.0	65.0	23.0	0	0.0	1	0.0	1	0.018867924528301886	1		0	0	312.0	0.060897435897435896	0.07371794871794872	0.002	2.0	0.0	0.0	0.0	0.0	1.0	1.0			0	0
GRCh37_21_44282506_T_G	21	4	0.0		0.4	7.0	0.0	0.0	0.0	0.0	0.0	2.0	3.0	3.0	0	0.0	0	0.0	0	0.75	0		0	0	7.0	0.14285714285714285	0.42857142857142855		0.0	0.0	0.0	0.0	0.0	0.0	0.0	0.999988120591008	0.892	0	0
GRCh37_21_34029436_G_T	21	3	0.0		0.6666666666666666	0.0	0.0	4.0	0.0	0.0	0.0	2.0	22.0	3.0	0	0.0	1	0.0	1	0.0	1		0	0	306.0	0.05555555555555555	0.00980392156862745		0.0	0.0	0.0	0.0	0.0	0.0	0.0	0.0162861797302478	0.27	0	0
GRCh37_21_34067568_G_A	21	2	0.0	0.17857142857142858		0.0	0.0	0.0	0.0	0.0	0.0	2.0	22.0	3.0	0	0.0	1	0.0	1	0.0625	1		0	0	306.0	0.05555555555555555	0.00980392156862745		0.0	0.0	0.0	0.0	0.0	0.0	0.0			0	0
GRCh37_21_47535921_A_G	21	5	0.0		0.2222222222222222	3.0	0.0	0.0	0.0	0.0	0.0	1.0	95.0	45.0	0	0.5384615384615384	1	0.631578947368421	1	0.5588235294117647	1		0	0	323.0	0.021671826625386997	0.1021671826625387		0.0	0.0	0.0	0.0	0.0	0.0	0.0	0.999990155693597	0.924	0	0
GRCh37_21_47424229_G_T	21	1	0.0	1.0		0.0	0.0	0.0	0.0	0.0	0.0	1.0	65.0	48.0	0	0.0	1	0.0	1	0.0	1	0.003104161876293401	1	0	363.0	0.0440771349862259	0.10192837465564739		0.0	0.0	0.0	0.0	0.0	0.0	0.0			0	0
GRCh37_21_47783799_G_A	21	2	0.0	0.2978723404255319		0.0	0.0	0.0	0.0	0.0	0.0	1.0	66.0	1.0	0	0.0	1	0.0	1	0.2	1	0.0003315649867374005	1	0	343.0	0.1749271137026239	0.0029154518950437317		0.0	0.0	0.0	0.0	0.0	0.0	0.0			0	0
GRCh37_21_43160420_G_T	21	2	0.0	1.0		0.0	0.0	0.0	0.0	0.0	0.0	2.0	2.0	4.0	0	0.0	1	0.0	1	0.0	1	0.07028020211299954	1	0	32.0	0.15625	0.0625		0.0	0.0	0.0	0.0	0.0	0.0	0.0			0	0
GRCh37_21_44838984_G_A	21	1	0.0	0.7857142857142857		0.0	0.0	0.0	0.0	0.0	0.0	2.0	3.0	3.0	0	0.0	1	0.0	1	0.0	1	0.00022841480127912289	1	0	218.0	0.25229357798165136	0.009174311926605505	0.018	1.0	0.0	0.0	0.0	1.0	0.0	0.0			0	0
GRCh37_21_47542073_G_GT	21	3	0.0		0.7037037037037037	0.0	3.0	0.0	0.0	0.0	0.0	1.0	95.0	45.0	0	0.1	0	0.17647058823529413	1	0.17647058823529413	1		0	0	323.0	0.021671826625386997	0.1021671826625387		0.0	0.0	0.0	0.0	0.0	0.0	0.0			0	0
GRCh37_21_38309098_A_C	21	5	0.0	0.4166666666666667		0.0	0.0	0.0	0.0	0.0	0.0	1.0	42.0	11.0	0	0.3333333333333333	1	0.38461538461538464	1	0.25	1		0	0	97.0	0.08247422680412371	0.08247422680412371	0.001	7.0	0.0	0.0	0.0	0.0	0.0	7.0			0	0
GRCh37_21_38444814_A_G	21	4	0.0	0.4		0.0	0.0	0.0	2.0	0.0	0.0				0	0.0	0	0.0	0	0.0	0	5.781683626271971e-05	1	0	6.0	0.6666666666666666		0.005	3.0	0.0	0.0	0.0	0.0	0.0	3.0			0	0
GRCh37_21_44589355_G_A	21	3	0.0	0.3333333333333333		0.0	0.0	0.0	0.0	0.0	0.0	1.0	2.0	10.0	0	0.75	0	0.75	0	0.7	1	5.437146585471944e-05	1	1	20.0		0.45	0.032	0.0	0.0	1.0	0.0	0.0	0.0	1.0			0	0
GRCh37_21_47841996_G_T	21	2	0.0	0.6808510638297872		0.0	0.0	0.0	0.0	0.0	0.0	1.0	66.0	1.0	0	0.2	1	0.125	1	0.1	1	3.526714865103157e-05	1	0	343.0	0.1749271137026239	0.0029154518950437317		0.0	0.0	0.0	0.0	0.0	0.0	0.0			0	0
GRCh37_21_34924576_C_T	21	2	0.0	0.6	0.2	0.0	0.0	0.0	0.0	0.0	0.0	1.0	71.0	3.0	0	1.0	0	0.5	1	0.5	1	0.0006648936170212766	1	0	66.0	0.45454545454545453	0.030303030303030304		0.0	0.0	0.0	0.0	0.0	0.0	0.0			0	0
GRCh37_21_43800317_C_G	21	1	0.0	0.7692307692307693		0.0	0.0	0.0	0.0	0.0	0.0	1.0	11.0	20.0	0	0.5	1	0.5	1	0.23076923076923078	1	0.008009858287122612	1	0	65.0	0.07692307692307693	0.23076923076923078	0.414	0.0	0.0	3.0	0.0	3.0	0.0	0.0			0	0
GRCh37_21_47422538_G_A	21	1	0.0	0.9428571428571428		0.0	0.0	0.0	0.0	0.0	0.0	1.0	65.0	48.0	0	0.0	1	0.0	1	0.0	1	0.003004964724327149	1	0	363.0	0.0440771349862259	0.10192837465564739	0.012	0.0	0.0	1.0	0.0	1.0	0.0	0.0			0	0
GRCh37_21_47856024_C_T	21	3	0.0	0.8297872340425532		0.0	0.0	0.0	0.0	0.0	0.0	1.0	66.0	1.0	0	0.0	1	0.0	1	0.0	1	0.00042676121068872694	1	0	343.0	0.1749271137026239	0.0029154518950437317	0.043	2.0	0.0	0.0	0.0	2.0	0.0	0.0			0	0
GRCh37_21_36164838_C_CGG	21	3	2.0	1.0		0.0	0.0	0.0	0.0	0.0	0.0	1.0	65.0	23.0	0	0.0	1	0.022222222222222223	1	0.037037037037037035	1		0	0	312.0	0.060897435897435896	0.07371794871794872		0.0	0.0	0.0	0.0	0.0	0.0	0.0			0	0
GRCh37_21_36206862_C_G	21	3	0.0	0.8		0.0	0.0	0.0	0.0	0.0	0.0	1.0	65.0	23.0	0	0.0625	1	0.06060606060606061	1	0.05405405405405406	1		0	0	312.0	0.060897435897435896	0.07371794871794872	0.112	1.0	0.0	1.0	1.0	0.0	0.0	3.0			0	0
GRCh37_21_44480561_G_A	21	5	0.0	0.7222222222222222		0.0	0.0	0.0	0.0	0.0	0.0	1.0	62.0	54.0	0	0.18181818181818182	1	0.15384615384615385	1	0.15384615384615385	1	6.19041723412158e-05	1	0	197.0	0.005076142131979695	0.14720812182741116	0.0	5.0	0.0	0.0	0.0	0.0	0.0	5.0			0	0
GRCh37_21_34058195_A_G	21	2	0.0	0.32142857142857145		0.0	0.0	0.0	0.0	0.0	0.0	2.0	22.0	3.0	0	0.0	1	0.0	1	0.09090909090909091	1	2.664724378675099e-05	1	0	306.0	0.05555555555555555	0.00980392156862745		0.0	0.0	0.0	0.0	0.0	0.0	0.0			0	0
GRCh37_21_47410741_CG_C	21	5	0.0		0.4117647058823529	0.0	1.0	0.0	0.0	0.0	0.0	1.0	65.0	48.0	0	0.4117647058823529	1	0.4117647058823529	1	0.46153846153846156	1		0	0	363.0	0.0440771349862259	0.10192837465564739		0.0	0.0	0.0	0.0	0.0	0.0	0.0			0	0
GRCh37_21_47422285_G_A	21	1	0.0	0.9142857142857143		0.0	0.0	0.0	0.0	0.0	0.0	1.0	65.0	48.0	0	0.0	1	0.0625	1	0.05263157894736842	1	0.0027009850651414044	1	0	363.0	0.0440771349862259	0.10192837465564739		0.0	0.0	0.0	0.0	0.0	0.0	0.0			0	0
GRCh37_21_44838413_C_G	21	2	0.0	0.8571428571428571		0.0	0.0	0.0	0.0	0.0	0.0	2.0	3.0	3.0	0	0.0	1	0.0	1	0.0	1	0.0007847924659923265	1	0	218.0	0.25229357798165136	0.009174311926605505	0.077	0.0	0.0	1.0	0.0	1.0	0.0	0.0			0	0
GRCh37_21_47545487_T_C	21	3	0.0	0.8928571428571429		0.0	0.0	0.0	0.0	0.0	0.0	1.0	95.0	45.0	0	0.0	1	0.15	1	0.0967741935483871	1	3.266906239790918e-05	1	0	323.0	0.021671826625386997	0.1021671826625387	0.175	0.0	0.0	3.0	0.0	0.0	2.0	1.0			0	0
GRCh37_21_36163873_A_G	21	1	0.0	1.0		0.0	0.0	0.0	0.0	0.0	0.0	1.0	65.0	23.0	0	0.0	1	0.0	1	0.0	1	0.14510932105868815	1	0	312.0	0.060897435897435896	0.07371794871794872		0.0	0.0	0.0	0.0	0.0	0.0	0.0			0	1
GRCh37_21_43905830_G_A	21	1	0.0	0.5555555555555556		0.0	0.0	0.0	0.0	0.0	0.0	1.0	13.0	1.0	0	0.0	1	0.1	1	0.18181818181818182	1	0.010794465638789753	1	0	46.0	0.1956521739130435	0.021739130434782608		0.0	0.0	0.0	0.0	0.0	0.0	0.0			0	0
GRCh37_21_45705907_G_C	21	2	0.0	0.07142857142857142		0.0	0.0	0.0	0.0	0.0	0.0	1.0	81.0	22.0	0	0.5	1	0.3181818181818182	1	0.2962962962962963	1	0.00011542012927054478	1	0	153.0	0.0457516339869281	0.09803921568627451		0.0	0.0	0.0	0.0	0.0	0.0	0.0			0	0
GRCh37_21_47540200_C_T	21	1	0.0		0.5555555555555556	0.0	0.0	0.0	0.0	0.0	0.0	1.0	95.0	45.0	0	0.0	1	0.0	1	0.0	1	0.7191943127962085	1	0	323.0	0.021671826625386997	0.1021671826625387		0.0	0.0	0.0	0.0	0.0	0.0	0.0			0	0
GRCh37_21_34922787_C_T	21	3	0.0	0.6	0.2	0.0	0.0	0.0	0.0	0.0	0.0	1.0	71.0	3.0	0	0.0	1	0.0	1	0.2	1	0.0001244090569793481	1	0	66.0	0.45454545454545453	0.030303030303030304	0.191	0.0	0.0	0.0	3.0	2.0	0.0	1.0			0	0
GRCh37_21_47773995_G_A	21	3	0.0		0.2391304347826087	0.0	0.0	0.0	0.0	0.0	0.0	1.0	66.0	1.0	0	0.0	1	0.14285714285714285	1	0.25	1	0.0016031569860648662	1	0	343.0	0.1749271137026239	0.0029154518950437317		0.0	0.0	0.0	0.0	0.0	0.0	0.0			0	0
GRCh37_21_36206711_C_T	21	3	0.0	0.8		0.0	0.0	0.0	0.0	0.0	0.0	1.0	65.0	23.0	0	0.15384615384615385	1	0.12903225806451613	1	0.12903225806451613	1	7.177205196296562e-05	1	0	312.0	0.060897435897435896	0.07371794871794872	1.0	0.0	0.0	2.0	1.0	3.0	0.0	0.0			0	0
GRCh37_21_47422475_T_C	21	3	0.0	0.9428571428571428		0.0	0.0	0.0	0.0	0.0	0.0	1.0	65.0	48.0	0	0.0	1	0.0	1	0.0	1	8.79909897226524e-06	1	0	363.0	0.0440771349862259	0.10192837465564739	0.699	0.0	0.0	1.0	0.0	1.0	0.0	0.0			0	0
GRCh37_21_47552160_C_T	21	2	0.0	1.0		0.0	0.0	0.0	0.0	0.0	0.0	2.0	4.0	2.0	0	0.0	1	0.0	1	0.030303030303030304	1	6.811525100469996e-05	1	0	172.0	0.09883720930232558	0.029069767441860465		0.0	0.0	0.0	0.0	0.0	0.0	0.0			0	0
GRCh37_21_45707437_G_GAGCAGCGCAGAGC	21	5	1.0	0.2857142857142857		0.0	0.0	0.0	0.0	0.0	0.0	1.0	81.0	22.0	0	0.46153846153846156	1	0.2727272727272727	1	0.2608695652173913	1		0	0	153.0	0.0457516339869281	0.09803921568627451		0.0	0.0	0.0	0.0	0.0	0.0	0.0			0	0
GRCh37_21_47542860_C_T	21	1	0.0		0.7777777777777778	0.0	0.0	0.0	0.0	0.0	0.0	1.0	95.0	45.0	0	0.0	1	0.0	1	0.0	1	0.006881587104773714	1	0	323.0	0.021671826625386997	0.1021671826625387		0.0	0.0	0.0	0.0	0.0	0.0	0.0			0	0
GRCh37_21_33038787_T_C	21	2	0.0	0.6		0.0	0.0	0.0	0.0	0.0	0.0	1.0	3.0	66.0	0	0.5	1	0.5	1	0.5	1	0.0008661222469685721	1	0	79.0		0.6835443037974683		0.0	0.0	0.0	0.0	0.0	0.0	0.0			0	0
GRCh37_21_43161469_G_A	21	1	0.0	1.0		0.0	0.0	0.0	0.0	0.0	0.0	2.0	2.0	4.0	0	0.0	0	0.0	1	0.0	1	0.0072356282334213665	1	0	32.0	0.15625	0.0625		0.0	0.0	0.0	0.0	0.0	0.0	0.0			0	0
GRCh37_21_47572894_G_A	21	2	0.0	0.21428571428571427		0.0	0.0	0.0	0.0	0.0	0.0	2.0	4.0	2.0	0	0.5	0	0.5	0	0.2	1	0.00034429333792391115	1	0	172.0	0.09883720930232558	0.029069767441860465		0.0	0.0	0.0	0.0	0.0	0.0	0.0			0	0
GRCh37_21_47860074_C_A	21	2	0.0	0.8936170212765957		0.0	0.0	0.0	0.0	0.0	0.0	1.0	66.0	1.0	0	0.0	1	0.0	1	0.0	1		0	0	343.0	0.1749271137026239	0.0029154518950437317	1.0	0.0	0.0	2.0	0.0	2.0	0.0	0.0			0	0
GRCh37_21_34022535_A_T	21	3	0.0	0.7857142857142857		0.0	0.0	0.0	0.0	0.0	0.0	2.0	22.0	3.0	0	0.0	1	0.0	1	0.0	1		0	0	306.0	0.05555555555555555	0.00980392156862745	0.001	4.0	0.0	0.0	0.0	0.0	0.0	4.0			0	0
GRCh37_21_34067530_C_T	21	3	0.0	0.17857142857142858		0.0	0.0	0.0	0.0	0.0	0.0	2.0	22.0	3.0	0	0.0	0	0.0	1	0.0625	1	6.533385600418136e-05	1	0	306.0	0.05555555555555555	0.00980392156862745	0.008	4.0	0.0	0.0	0.0	0.0	2.0	2.0			0	0
GRCh37_21_44485564_G_A	21	3	0.0	0.4444444444444444		0.0	0.0	0.0	0.0	0.0	0.0	1.0	62.0	54.0	0	0.2222222222222222	1	0.21052631578947367	1	0.19047619047619047	1	3.2701111837802485e-05	1	0	197.0	0.005076142131979695	0.14720812182741116	0.001	5.0	0.0	0.0	0.0	0.0	4.0	1.0			0	0
GRCh37_21_47423825_C_T	21	2	0.0	1.0		0.0	0.0	0.0	0.0	0.0	0.0	1.0	65.0	48.0	0	0.0	1	0.0	1	0.0	1	9.058135111143318e-06	1	0	363.0	0.0440771349862259	0.10192837465564739		0.0	0.0	0.0	0.0	0.0	0.0	0.0			0	0
GRCh37_21_47532359_G_C	21	3	0.0	0.10714285714285714		0.0	0.0	0.0	0.0	0.0	0.0	1.0	95.0	45.0	0	0.0	1	0.041666666666666664	1	0.023809523809523808	1		0	0	323.0	0.021671826625386997	0.1021671826625387	0.175	0.0	0.0	3.0	0.0	3.0	0.0	0.0			0	0
GRCh37_21_19701577_A_G	21	1	0.0	0.6		0.0	0.0	0.0	0.0	0.0	0.0	1.0	8.0	0.0	0	0.0	0	0.0	0	0.0	0	0.016053346505309953	1	0	11.0	0.7272727272727273			0.0	0.0	0.0	0.0	0.0	0.0	0.0			0	0
GRCh37_21_35831001_A_G	21	1	0.0	0.75	1.0	0.0	0.0	0.0	0.0	0.0	0.0	1.0	9.0	7.0	0	0.0	0	0.0	0	0.0	0	0.009637448370812299	1	0	76.0	0.07894736842105263	0.06578947368421052		0.0	0.0	0.0	0.0	0.0	0.0	0.0			0	0
GRCh37_21_44492160_A_C	21	2	0.0	0.2222222222222222		0.0	0.0	0.0	0.0	0.0	0.0	1.0	62.0	54.0	0	0.09090909090909091	1	0.10526315789473684	1	0.16666666666666666	1	6.532958777030116e-05	1	0	197.0	0.005076142131979695	0.14720812182741116		0.0	0.0	0.0	0.0	0.0	0.0	0.0			0	0
GRCh37_21_47532353_C_T	21	2	0.0	0.10714285714285714		0.0	0.0	0.0	0.0	0.0	0.0	1.0	95.0	45.0	0	0.0	1	0.041666666666666664	1	0.023809523809523808	1	5.6110425317023906e-05	1	0	323.0	0.021671826625386997	0.1021671826625387		0.0	0.0	0.0	0.0	0.0	0.0	0.0			0	0
GRCh37_21_36164833_G_A	21	3	0.0	1.0		0.0	0.0	0.0	0.0	0.0	0.0	1.0	65.0	23.0	0	0.0	1	0.022222222222222223	1	0.037037037037037035	1		0	0	312.0	0.060897435897435896	0.07371794871794872	0.002	2.0	0.0	0.0	0.0	0.0	1.0	1.0			0	0
GRCh37_21_47857006_G_A	21	1	0.0		0.8695652173913043	0.0	0.0	0.0	0.0	0.0	0.0	1.0	66.0	1.0	0	0.0	0	0.0	0	0.0	0	0.015390343800421993	1	0	343.0	0.1749271137026239	0.0029154518950437317		0.0	0.0	0.0	0.0	0.0	0.0	0.0			0	0
GRCh37_21_27264175_G_A	21	2	0.0	0.9444444444444444		0.0	0.0	0.0	0.0	0.0	0.0	1.0	0.0	18.0	0	0.8333333333333334	1	0.5882352941176471	1	0.5185185185185185	1		0	0	71.0	0.08450704225352113	0.23943661971830985		0.0	0.0	0.0	0.0	0.0	0.0	0.0			0	0
GRCh37_21_45651310_T_C	21	3	0.0	0.7142857142857143		0.0	0.0	0.0	0.0	0.0	0.0	3.0	1.0	0.0	0	0.0	0	0.0	0	0.0	0		0	0	6.0	0.5		0.343	0.0	0.0	4.0	0.0	4.0	0.0	0.0			0	0
GRCh37_21_47418086_G_A	21	4	0.0		0.6764705882352942	0.0	1.0	0.0	0.0	0.0	0.0	1.0	65.0	48.0	0	0.0	0	0.0	0	0.0	0	0.0	1	0	363.0	0.0440771349862259	0.10192837465564739		0.0	0.0	0.0	0.0	0.0	0.0	0.0	0.999988109495442	0.916	0	0
GRCh37_21_36171674_G_A	21	2	0.0	0.8888888888888888		0.0	0.0	0.0	0.0	0.0	0.0	1.0	65.0	23.0	0	0.0	1	0.038461538461538464	1	0.12	1	3.266266004703423e-05	1	0	312.0	0.060897435897435896	0.07371794871794872		0.0	0.0	0.0	0.0	0.0	0.0	0.0			0	0
GRCh37_21_47532733_G_A	21	3	0.0	0.14285714285714285		0.0	0.0	0.0	0.0	0.0	0.0	1.0	95.0	45.0	0	0.0	1	0.0	1	0.0	1	6.532958777030116e-05	1	0	323.0	0.021671826625386997	0.1021671826625387	0.114	0.0	0.0	3.0	0.0	0.0	1.0	2.0			0	0
GRCh37_21_44480542_G_A	21	2	0.0		0.7647058823529411	0.0	0.0	0.0	0.0	0.0	0.0	1.0	62.0	54.0	0	0.0	1	0.15384615384615385	1	0.15384615384615385	1	5.455537370430988e-05	1	0	197.0	0.005076142131979695	0.14720812182741116		0.0	0.0	0.0	0.0	0.0	0.0	0.0			0	0
GRCh37_21_36252926_T_A	21	3	0.0	0.5555555555555556		0.0	0.0	0.0	0.0	0.0	0.0	1.0	65.0	23.0	0	0.2	1	0.18181818181818182	1	0.375	1		0	0	312.0	0.060897435897435896	0.07371794871794872	0.001	3.0	0.0	0.0	0.0	0.0	0.0	3.0			0	0
GRCh37_21_44483508_C_T	21	2	0.0		0.5882352941176471	0.0	0.0	0.0	0.0	0.0	0.0	1.0	62.0	54.0	0	0.0	0	0.0	0	0.0	1	0.02152210553610787	1	0	197.0	0.005076142131979695	0.14720812182741116		0.0	0.0	0.0	0.0	0.0	0.0	0.0			0	0
GRCh37_21_44836757_G_A	21	2	0.0	1.0		0.0	0.0	0.0	0.0	0.0	0.0	2.0	3.0	3.0	0	0.0	1	0.0	1	0.0	1	0.00027497708524289643	1	0	218.0	0.25229357798165136	0.009174311926605505		0.0	0.0	0.0	0.0	0.0	0.0	0.0			0	0
GRCh37_21_45755691_G_A	21	2	0.0		0.42857142857142855	0.0	0.0	4.0	0.0	0.0	0.0				0	0.25	0	0.125	1	0.125	1	1.1070274099986715e-05	1	0	33.0	0.030303030303030304	0.09090909090909091		0.0	0.0	0.0	0.0	0.0	0.0	0.0	1.50031214225255e-05	0.0	0	0
GRCh37_21_36259346_G_T	21	3	0.0	0.4444444444444444		0.0	0.0	0.0	0.0	0.0	0.0	1.0	65.0	23.0	0	0.2777777777777778	1	0.19444444444444445	1	0.17333333333333334	1		0	0	312.0	0.060897435897435896	0.07371794871794872	0.266	0.0	0.0	2.0	1.0	3.0	0.0	0.0			0	0
GRCh37_21_46330269_G_C	21	3	0.0	0.1875		0.0	0.0	0.0	0.0	0.0	0.0	1.0	24.0	17.0	0	0.16666666666666666	1	0.06666666666666667	1	0.0625	1	0.000424614580611445	1	0	166.0	0.03614457831325301	0.08433734939759036	0.045	0.0	0.0	2.0	0.0	0.0	2.0	0.0			0	0
GRCh37_21_47546061_G_A	21	1	0.0	0.9285714285714286		0.0	0.0	0.0	0.0	0.0	0.0	1.0	95.0	45.0	0	0.0	1	0.125	1	0.09523809523809523	1	0.008108442683832632	1	0	323.0	0.021671826625386997	0.1021671826625387	0.709	0.0	0.0	3.0	0.0	3.0	0.0	0.0			0	0
GRCh37_21_38308860_G_A	21	2	0.0	0.4166666666666667		0.0	0.0	0.0	0.0	0.0	0.0	1.0	42.0	11.0	0	0.0	1	0.0	1	0.047619047619047616	1	0.0011074197120708748	1	0	97.0	0.08247422680412371	0.08247422680412371		0.0	0.0	0.0	0.0	0.0	0.0	0.0			0	0
GRCh37_21_44838330_C_T	21	2	0.0	0.8571428571428571		0.0	0.0	0.0	0.0	0.0	0.0	2.0	3.0	3.0	0	0.0	1	0.0	1	0.0	1	9.323835452951927e-06	1	0	218.0	0.25229357798165136	0.009174311926605505		0.0	0.0	0.0	0.0	0.0	0.0	0.0			0	0
GRCh37_21_46311834_C_T	21	3	0.0	0.6875		0.0	0.0	0.0	0.0	0.0	0.0	1.0	24.0	17.0	0	0.0	1	0.0	1	0.0	1	4.410337831877922e-05	1	0	166.0	0.03614457831325301	0.08433734939759036		0.0	0.0	0.0	0.0	0.0	0.0	0.0			0	0
GRCh37_21_47552470_C_T	21	3	0.0	1.0		0.0	0.0	0.0	0.0	0.0	0.0	2.0	4.0	2.0	0	0.0	0	0.0	1	0.0	1	0.0008017762427531763	1	0	172.0	0.09883720930232558	0.029069767441860465		0.0	0.0	0.0	0.0	0.0	0.0	0.0			0	1
GRCh37_21_44839235_A_G	21	3	0.0	0.7142857142857143		0.0	0.0	1.0	0.0	0.0	0.0	2.0	3.0	3.0	0	0.0	0	0.0	1	0.0	1		0	0	218.0	0.25229357798165136	0.009174311926605505	0.145	0.0	0.0	1.0	0.0	1.0	0.0	0.0	0.000114941547006409	0.002	0	0
GRCh37_21_38878539_G_A	21	2	0.0	0.9230769230769231	1.0	0.0	0.0	0.0	0.0	0.0	0.0	1.0	119.0	23.0	0	0.2	1	0.16666666666666666	1	0.10344827586206896	1	2.6446164424619615e-05	1	0	150.0	0.2	0.1	0.051	0.0	0.0	0.0	1.0	1.0	0.0	0.0			0	0
GRCh37_21_34954320_G_GAA	21	5	1.0	0.7		0.0	0.0	0.0	0.0	0.0	0.0	1.0	71.0	3.0	0	0.0	0	0.0	0	0.0	1	8.793682618406936e-06	1	0	66.0	0.45454545454545453	0.030303030303030304		0.0	0.0	0.0	0.0	0.0	0.0	0.0			0	0
GRCh37_21_44485801_G_A	21	2	0.0	0.3888888888888889		0.0	0.0	0.0	0.0	0.0	0.0	1.0	62.0	54.0	0	0.0	1	0.0	1	0.0	1	0.00016600265604249667	1	0	197.0	0.005076142131979695	0.14720812182741116		0.0	0.0	0.0	0.0	0.0	0.0	0.0			0	0
GRCh37_21_45194213_T_C	21	5	0.0		1.0	1.0	0.0	0.0	0.0	0.0	0.0	1.0	14.0	4.0	0	0.0	1	0.0	1	0.0	1		0	0	30.0		0.1		0.0	0.0	0.0	0.0	0.0	0.0	0.0	0.999980255680118	0.776	0	0
GRCh37_21_47423074_C_T	21	2	0.0		1.0	0.0	0.0	0.0	0.0	0.0	0.0	1.0	65.0	48.0	0	0.0	1	0.125	1	0.1111111111111111	1	0.00025552912150850297	1	0	363.0	0.0440771349862259	0.10192837465564739		0.0	0.0	0.0	0.0	0.0	0.0	0.0			0	0
GRCh37_21_47775430_G_C	21	2	0.0	0.2553191489361702		0.0	0.0	0.0	0.0	0.0	0.0	1.0	66.0	1.0	0	0.5	0	0.4	1	0.3333333333333333	1		0	0	343.0	0.1749271137026239	0.0029154518950437317	0.306	0.0	0.0	2.0	0.0	2.0	0.0	0.0			0	0
GRCh37_21_33032146_G_A	21	5	0.0	0.2		0.0	0.0	0.0	0.0	0.0	0.0	1.0	3.0	66.0	0	0.5	0	0.5555555555555556	0	0.4444444444444444	1		0	0	79.0		0.6835443037974683	0.13	0.0	0.0	1.0	0.0	0.0	1.0	0.0			0	0
GRCh37_21_43796672_G_A	21	3	0.0	0.8461538461538461		0.0	0.0	0.0	0.0	0.0	0.0	1.0	11.0	20.0	0	0.14285714285714285	1	0.1111111111111111	1	0.0625	1	6.167509559639817e-05	1	0	65.0	0.07692307692307693	0.23076923076923078	0.022	3.0	0.0	0.0	0.0	3.0	0.0	0.0			0	0
GRCh37_21_46603322_A_AG	21	3	6.0	0.6363636363636364		0.0	0.0	0.0	0.0	0.0	0.0	4.0	0.0	4.0	0	0.0	0	0.0	0	0.0	0	0.0	1	0	7.0	0.14285714285714285	0.5714285714285714		0.0	0.0	0.0	0.0	0.0	0.0	0.0			0	0
GRCh37_21_47532321_G_A	21	3	0.0	0.10714285714285714		0.0	0.0	0.0	0.0	0.0	0.0	1.0	95.0	45.0	0	0.0625	1	0.041666666666666664	1	0.023809523809523808	1	0.00015229972586049346	1	0	323.0	0.021671826625386997	0.1021671826625387	0.14	0.0	0.0	3.0	0.0	3.0	0.0	0.0			0	0
GRCh37_21_34804628_G_GA	21	5	2.0	0.75		0.0	0.0	0.0	0.0	0.0	0.0	2.0	4.0	5.0	0	0.25	1	0.2	1	0.16666666666666666	1		0	0	36.0	0.05555555555555555	0.027777777777777776		0.0	0.0	0.0	0.0	0.0	0.0	0.0			0	0
GRCh37_21_44836926_G_A	21	3	0.0	1.0		0.0	0.0	0.0	0.0	0.0	0.0	2.0	3.0	3.0	0	0.0	1	0.0	1	0.0	1	0.0006904714933912014	1	0	218.0	0.25229357798165136	0.009174311926605505	0.008	0.0	1.0	0.0	0.0	1.0	0.0	0.0			0	0
GRCh37_21_47537377_G_A	21	2	0.0		0.4074074074074074	0.0	0.0	0.0	0.0	0.0	0.0	1.0	95.0	45.0	0	0.4166666666666667	0	0.34782608695652173	1	0.34782608695652173	1	0.000490089305162274	1	0	323.0	0.021671826625386997	0.1021671826625387		0.0	0.0	0.0	0.0	0.0	0.0	0.0			0	0
GRCh37_21_47663599_G_A	21	2	0.0	0.8571428571428571	1.0	0.0	0.0	0.0	0.0	0.0	0.0	2.0	4.0	6.0	0	0.0	0	0.0	0	0.0	0	0.00027182776992497554	1	0	13.0	0.07692307692307693	0.46153846153846156		0.0	0.0	0.0	0.0	0.0	0.0	0.0			0	0
GRCh37_21_35819535_C_T	21	3	0.0	1.0		0.0	0.0	0.0	0.0	0.0	0.0	1.0	9.0	7.0	0	0.0	1	0.0	1	0.0	1	0.0001147842056932966	1	0	76.0	0.07894736842105263	0.06578947368421052		0.0	0.0	0.0	0.0	0.0	0.0	0.0			0	0
GRCh37_21_44478343_G_A	21	3	0.0	0.8888888888888888		0.0	0.0	0.0	0.0	0.0	0.0	1.0	62.0	54.0	0	0.1	1	0.1111111111111111	1	0.07407407407407407	1	6.161429451632779e-05	1	0	197.0	0.005076142131979695	0.14720812182741116	0.004	5.0	0.0	0.0	0.0	0.0	0.0	5.0			0	0
GRCh37_21_47540432_G_C	21	3	0.0	0.5714285714285714		0.0	0.0	0.0	0.0	0.0	0.0	1.0	95.0	45.0	0	0.0	1	0.0	1	0.0	1	0.0011621150493898896	1	0	323.0	0.021671826625386997	0.1021671826625387	0.005	3.0	0.0	0.0	0.0	0.0	0.0	3.0			0	0
GRCh37_21_47856909_C_T	21	1	0.0	0.851063829787234		0.0	0.0	0.0	0.0	0.0	0.0	1.0	66.0	1.0	0	0.0	1	0.0	1	0.0	1	0.06596923076923077	1	0	343.0	0.1749271137026239	0.0029154518950437317	0.01	2.0	0.0	0.0	0.0	0.0	2.0	0.0			0	0
GRCh37_21_34100315_C_A	21	3	0.0	0.03125		0.0	0.0	0.0	0.0	0.0	0.0	2.0	22.0	3.0	0	0.2	0	0.2	0	0.07692307692307693	1		0	0	306.0	0.05555555555555555	0.00980392156862745	0.0	0.0	1.0	0.0	0.0	1.0	0.0	0.0			0	0
GRCh37_21_34635324_A_G	21	3	0.0	1.0		0.0	0.0	0.0	0.0	0.0	0.0	2.0	10.0	0.0	0	0.0	0	0.0	0	0.0	1	2.6376408939844203e-05	1	0	53.0	0.11320754716981132		0.193	0.0	0.0	2.0	0.0	2.0	0.0	0.0			0	0
GRCh37_21_33039648_C_T	21	5	0.0	0.8		0.0	0.0	0.0	0.0	0.0	0.0	1.0	3.0	66.0	0	0.6923076923076923	1	0.6	1	0.6	1	8.790126929432861e-06	1	0	79.0		0.6835443037974683	0.006	1.0	0.0	0.0	0.0	0.0	1.0	0.0			0	0
GRCh37_21_35743005_A_G	21	2	0.0	1.0		0.0	0.0	0.0	0.0	0.0	0.0				0	0.0	1	0.0	1	0.08695652173913043	1	6.151574803149606e-05	1	0	31.0	0.06451612903225806	0.12903225806451613		0.0	0.0	0.0	0.0	0.0	0.0	0.0			0	0
GRCh37_21_38884381_TCACCATCACCACCACCAC_T	21	2	0.0	1.0		0.0	0.0	0.0	0.0	0.0	0.0	1.0	119.0	23.0	0	0.0	1	0.0	1	0.0	1		0	0	150.0	0.2	0.1		0.0	0.0	0.0	0.0	0.0	0.0	0.0			1	1
GRCh37_21_46899947_G_A	21	1	0.0		0.24390243902439024	0.0	0.0	0.0	0.0	0.0	0.0	1.0	38.0	3.0	0	0.0	0	0.5	0	0.1111111111111111	1	0.23399981986850402	1	0	92.0	0.20652173913043478	0.021739130434782608		0.0	0.0	0.0	0.0	0.0	0.0	0.0			0	0
GRCh37_21_43809103_A_T	21	3	0.0	0.4444444444444444		0.0	0.0	0.0	0.0	0.0	0.0	1.0	11.0	20.0	0	0.0	1	0.0	1	0.19047619047619047	1		0	0	65.0	0.07692307692307693	0.23076923076923078	0.0	3.0	0.0	0.0	0.0	0.0	0.0	3.0			0	0
GRCh37_21_45710997_C_A	21	3	0.0	0.5714285714285714		0.0	0.0	0.0	0.0	0.0	0.0	1.0	81.0	22.0	0	0.16666666666666666	1	0.16666666666666666	1	0.16666666666666666	1		0	0	153.0	0.0457516339869281	0.09803921568627451	0.039	1.0	0.0	0.0	0.0	0.0	0.0	1.0			0	0
GRCh37_21_47402676_A_C	21	3	0.0	0.05714285714285714		0.0	0.0	1.0	0.0	0.0	0.0	1.0	65.0	48.0	0	0.0	1	0.0	1	0.0	1	6.485084306095979e-05	1	0	363.0	0.0440771349862259	0.10192837465564739		0.0	0.0	0.0	0.0	0.0	0.0	0.0	0.999696534587478	0.942	0	0
GRCh37_21_47414111_A_G	21	2	0.0	0.5714285714285714		0.0	0.0	0.0	0.0	0.0	0.0	1.0	65.0	48.0	0	0.125	1	0.1111111111111111	1	0.07142857142857142	1	0.0001683312759510717	1	0	363.0	0.0440771349862259	0.10192837465564739	0.099	1.0	0.0	0.0	0.0	0.0	1.0	0.0			0	0
GRCh37_21_47531946_G_A	21	3	0.0	0.10714285714285714		0.0	0.0	0.0	0.0	0.0	0.0	1.0	95.0	45.0	0	0.0	1	0.06666666666666667	1	0.047619047619047616	1	9.800078400627205e-05	1	0	323.0	0.021671826625386997	0.1021671826625387	0.33	0.0	0.0	3.0	0.0	3.0	0.0	0.0			0	0
GRCh37_21_44283703_G_A	21	1	0.0	0.36363636363636365		0.0	0.0	0.0	0.0	0.0	0.0	2.0	3.0	3.0	0	0.0	0	0.0	0	0.0	0	0.0497779422649889	1	0	7.0	0.14285714285714285	0.42857142857142855		0.0	0.0	0.0	0.0	0.0	0.0	0.0			0	0
GRCh37_21_46929467_G_A	21	1	0.0	0.9285714285714286		0.0	0.0	0.0	0.0	0.0	0.0	4.0	0.0	1.0	0	0.5	0	0.16666666666666666	1	0.125	1	0.567238912732475	1	0	32.0	0.3125	0.03125		0.0	0.0	0.0	0.0	0.0	0.0	0.0			0	0
GRCh37_21_47558804_C_T	21	3	0.0	0.7857142857142857		0.0	0.0	0.0	0.0	0.0	0.0	2.0	4.0	2.0	0	0.0	0	0.0	0	0.0	0	0.0004573369920292696	1	0	172.0	0.09883720930232558	0.029069767441860465	0.052	3.0	0.0	0.0	0.0	0.0	3.0	0.0			0	0
GRCh37_21_45706968_C_T	21	5	0.0	0.21428571428571427		0.0	0.0	0.0	0.0	1.0	0.0	1.0	81.0	22.0	0	0.0	1	0.0	1	0.23529411764705882	1	7.079144839303412e-05	1	0	153.0	0.0457516339869281	0.09803921568627451		0.0	0.0	0.0	0.0	0.0	0.0	0.0			0	0
GRCh37_21_47410391_T_C	21	1	0.0		0.38235294117647056	0.0	0.0	0.0	0.0	0.0	0.0	1.0	65.0	48.0	0	0.0	1	0.14285714285714285	1	0.16129032258064516	1	0.2958387516254877	1	0	363.0	0.0440771349862259	0.10192837465564739		0.0	0.0	0.0	0.0	0.0	0.0	0.0			0	1
GRCh37_21_47537325_G_A	21	2	0.0	0.39285714285714285		0.0	0.0	0.0	0.0	0.0	0.0	1.0	95.0	45.0	0	0.2727272727272727	1	0.34782608695652173	1	0.34782608695652173	1	2.671558587279819e-05	1	0	323.0	0.021671826625386997	0.1021671826625387		0.0	0.0	0.0	0.0	0.0	0.0	0.0			0	0
GRCh37_21_47836040_G_A	21	3	0.0	0.6382978723404256		0.0	0.0	0.0	0.0	0.0	0.0	1.0	66.0	1.0	0	0.0	0	0.0	1	0.09090909090909091	1	0.00038055887789496573	1	0	343.0	0.1749271137026239	0.0029154518950437317	0.005	0.0	0.0	2.0	0.0	0.0	2.0	0.0			0	0
GRCh37_21_38862843_C_T	21	2	0.0		0.6666666666666666	0.0	0.0	0.0	0.0	0.0	0.0	1.0	119.0	23.0	0	0.0	0	0.0	0	0.0	0	0.03762400193563997	1	0	150.0	0.2	0.1		0.0	0.0	0.0	0.0	0.0	0.0	0.0			0	1
GRCh37_21_43897458_G_C	21	3	0.0	0.7777777777777778		0.0	0.0	0.0	0.0	0.0	0.0	1.0	13.0	1.0	0	0.0	1	0.09523809523809523	1	0.09090909090909091	1		0	0	46.0	0.1956521739130435	0.021739130434782608	0.65	0.0	0.0	2.0	0.0	2.0	0.0	0.0			0	0
GRCh37_21_37833469_G_A	21	2	0.0	1.0		0.0	0.0	0.0	0.0	0.0	0.0	2.0	5.0	5.0	0	0.0	1	0.0	1	0.06666666666666667	1	3.531946455691732e-05	1	0	23.0	0.043478260869565216	0.08695652173913043		0.0	0.0	0.0	0.0	0.0	0.0	0.0			0	0
GRCh37_21_46319087_G_A	21	2	0.0		0.4666666666666667	0.0	0.0	0.0	0.0	0.0	0.0	1.0	24.0	17.0	0	0.0	1	0.0	1	0.0	1	2.6648664013644114e-05	1	0	166.0	0.03614457831325301	0.08433734939759036		0.0	0.0	0.0	0.0	0.0	0.0	0.0	4.35062468350736e-05	0.004	0	0
GRCh37_21_37833631_G_A	21	2	0.0	1.0		0.0	0.0	0.0	0.0	0.0	0.0	2.0	5.0	5.0	0	0.0	1	0.125	1	0.15384615384615385	1	8.688600556070436e-05	1	0	23.0	0.043478260869565216	0.08695652173913043		0.0	0.0	0.0	0.0	0.0	0.0	0.0			0	0
GRCh37_21_38124113_C_A	21	3	0.0	1.0		0.0	0.0	0.0	0.0	0.0	0.0	1.0	42.0	11.0	0	0.0	0	0.0	0	0.0	0		0	0	97.0	0.08247422680412371	0.08247422680412371		0.0	0.0	0.0	0.0	0.0	0.0	0.0			0	0
GRCh37_21_44484100_TC_T	21	5	5.0	0.5555555555555556		0.0	0.0	5.0	0.0	0.0	0.0	1.0	62.0	54.0	0	0.0	1	0.0	1	0.0	1	9.082487148280686e-06	1	0	197.0	0.005076142131979695	0.14720812182741116		0.0	0.0	0.0	0.0	0.0	0.0	0.0			0	0
GRCh37_21_47545959_T_C	21	2	0.0	0.9285714285714286		0.0	0.0	0.0	0.0	0.0	0.0	1.0	95.0	45.0	0	0.0625	1	0.03225806451612903	1	0.034482758620689655	1		0	0	323.0	0.021671826625386997	0.1021671826625387		0.0	0.0	0.0	0.0	0.0	0.0	0.0			0	0
GRCh37_21_35743007_G_A	21	3	0.0	1.0		0.0	0.0	0.0	0.0	0.0	0.0				0	0.0	1	0.0	1	0.08695652173913043	1	6.151574803149606e-05	1	0	31.0	0.06451612903225806	0.12903225806451613	0.362	0.0	0.0	1.0	0.0	1.0	0.0	0.0			0	0
GRCh37_21_44482415_A_C	21	3	0.0		0.7058823529411765	0.0	0.0	5.0	0.0	0.0	0.0	1.0	62.0	54.0	0	0.1111111111111111	1	0.22727272727272727	1	0.21739130434782608	1		0	0	197.0	0.005076142131979695	0.14720812182741116		0.0	0.0	0.0	0.0	0.0	0.0	0.0	0.0192639911961275	0.272	0	0
GRCh37_21_33036105_A_G	21	3	0.0	0.4		0.0	0.0	1.0	0.0	0.0	0.0	1.0	3.0	66.0	0	0.5	0	0.5625	0	0.5294117647058824	1		0	0	79.0		0.6835443037974683		0.0	0.0	0.0	0.0	0.0	0.0	0.0			0	0
GRCh37_21_38853089_C_G	21	5	0.0	0.46153846153846156		0.0	0.0	0.0	0.0	7.0	0.0	1.0	119.0	23.0	1	0.6666666666666666	1	0.3333333333333333	1	0.42857142857142855	1		0	0	150.0	0.2	0.1		0.0	0.0	0.0	0.0	0.0	0.0	0.0			0	0
GRCh37_21_46311906_G_C	21	3	0.0	0.6875		0.0	0.0	0.0	0.0	0.0	0.0	1.0	24.0	17.0	0	0.0	0	0.0	0	0.0	1		0	0	166.0	0.03614457831325301	0.08433734939759036		0.0	0.0	0.0	0.0	0.0	0.0	0.0			0	0
GRCh37_21_47421897_C_T	21	3	0.0	0.8857142857142857		0.0	0.0	0.0	0.0	0.0	0.0	1.0	65.0	48.0	0	0.06666666666666667	1	0.06666666666666667	1	0.05263157894736842	1	9.838646202282565e-05	1	0	363.0	0.0440771349862259	0.10192837465564739	1.0	0.0	0.0	1.0	0.0	1.0	0.0	0.0			0	0
GRCh37_21_35819349_A_G	21	2	0.0	1.0		0.0	0.0	0.0	0.0	0.0	0.0	1.0	9.0	7.0	0	0.0	0	0.0	1	0.0	1	0.0	1	0	76.0	0.07894736842105263	0.06578947368421052		0.0	0.0	0.0	0.0	0.0	0.0	0.0			0	0
GRCh37_21_44473685_A_G	21	3	0.0	1.0		0.0	0.0	0.0	0.0	0.0	0.0	1.0	62.0	54.0	0	0.0	1	0.0	1	0.0	1	0.0006485084306095979	1	0	197.0	0.005076142131979695	0.14720812182741116		0.0	0.0	0.0	0.0	0.0	0.0	0.0			0	0
GRCh37_21_44485624_A_G	21	3	0.0	0.4444444444444444		0.0	0.0	0.0	0.0	0.0	0.0	1.0	62.0	54.0	0	0.2	0	0.16666666666666666	1	0.25	1		0	0	197.0	0.005076142131979695	0.14720812182741116	0.173	0.0	0.0	5.0	0.0	4.0	1.0	0.0			0	0
GRCh37_21_37833052_A_G	21	3	0.0	1.0		0.0	0.0	0.0	0.0	0.0	0.0	2.0	5.0	5.0	0	0.0	0	0.0	0	0.0	0		0	0	23.0	0.043478260869565216	0.08695652173913043		0.0	0.0	0.0	0.0	0.0	0.0	0.0			0	0
GRCh37_21_38844977_T_G	21	2	0.0		0.25	0.0	0.0	0.0	0.0	0.0	0.0	1.0	119.0	23.0	0	0.0	1	0.0	1	0.0	1		0	0	150.0	0.2	0.1		0.0	0.0	0.0	0.0	0.0	0.0	0.0	0.000937217785854103	0.2	0	0
GRCh37_21_34660395_A_C	21	3	0.0		0.8333333333333334	0.0	0.0	0.0	0.0	0.0	0.0	2.0	10.0	0.0	0	0.0	0	0.0	0	0.0	0	3.518525034305619e-05	1	0	53.0	0.11320754716981132			0.0	0.0	0.0	0.0	0.0	0.0	0.0			0	0
GRCh37_21_45714370_GC_G	21	4	1.0	0.8571428571428571		0.0	0.0	0.0	0.0	0.0	0.0	1.0	81.0	22.0	0	0.13333333333333333	1	0.11538461538461539	1	0.09375	1	0.0	1	0	153.0	0.0457516339869281	0.09803921568627451		0.0	0.0	0.0	0.0	0.0	0.0	0.0			0	0
GRCh37_21_47423760_G_A	21	3	0.0	1.0		0.0	0.0	0.0	0.0	0.0	0.0	1.0	65.0	48.0	0	0.0	1	0.0	1	0.0	1	3.326458652118954e-05	1	0	363.0	0.0440771349862259	0.10192837465564739	0.104	0.0	0.0	1.0	0.0	0.0	1.0	0.0			0	0
GRCh37_21_47754408_ACAGT_A	21	3	2.0	0.06382978723404255		0.0	0.0	0.0	0.0	0.0	0.0	1.0	66.0	1.0	0	0.16666666666666666	1	0.07142857142857142	1	0.03333333333333333	1		0	0	343.0	0.1749271137026239	0.0029154518950437317		0.0	0.0	0.0	0.0	0.0	0.0	0.0			0	0
GRCh37_21_33984527_G_A	21	3	0.0	0.2		0.0	0.0	0.0	0.0	0.0	0.0				0	0.0	0	0.0	0	0.0	1	4.673770798280052e-05	1	0	23.0	0.17391304347826086			0.0	0.0	0.0	0.0	0.0	0.0	0.0			0	0
GRCh37_21_39087370_T_G	21	2	0.0	0.75		0.0	0.0	0.0	0.0	0.0	0.0	2.0	0.0	3.0	0	0.0	1	0.0	1	0.0	1	5.7940784518222376e-05	1	0	5.0	0.2	0.4		0.0	0.0	0.0	0.0	0.0	0.0	0.0			0	0
GRCh37_21_46310135_AC_A	21	4	3.0	0.75		0.0	0.0	3.0	0.0	0.0	0.0	1.0	24.0	17.0	0	0.0	0	0.0	0	0.0	1		0	0	166.0	0.03614457831325301	0.08433734939759036		0.0	0.0	0.0	0.0	0.0	0.0	0.0			0	0
GRCh37_21_47541015_C_T	21	3	0.0	0.6071428571428571		0.0	0.0	0.0	0.0	0.0	0.0	1.0	95.0	45.0	0	0.125	1	0.1111111111111111	1	0.1111111111111111	1	0.0003105204322444417	1	0	323.0	0.021671826625386997	0.1021671826625387	0.351	0.0	0.0	3.0	0.0	3.0	0.0	0.0			0	0
GRCh37_21_47856930_T_C	21	3	0.0	0.851063829787234		0.0	0.0	0.0	0.0	0.0	0.0	1.0	66.0	1.0	0	0.0	1	0.0	1	0.0	1	0.0002286535571960541	1	0	343.0	0.1749271137026239	0.0029154518950437317	0.005	2.0	0.0	0.0	0.0	2.0	0.0	0.0			0	0
GRCh37_21_34668637_C_T	21	3	0.0	1.0		0.0	0.0	0.0	0.0	0.0	0.0	2.0	10.0	0.0	0	0.0	0	0.0	1	0.0	1	0.0007401011471567781	1	0	53.0	0.11320754716981132		0.166	0.0	0.0	1.0	0.0	1.0	0.0	0.0			0	0
GRCh37_21_34926604_C_T	21	2	0.0	0.6	0.2	0.0	0.0	0.0	0.0	0.0	0.0	1.0	71.0	3.0	0	0.0	0	0.0	0	0.0	1	6.204243702692642e-05	1	0	66.0	0.45454545454545453	0.030303030303030304		0.0	0.0	0.0	0.0	0.0	0.0	0.0			0	0
GRCh37_21_19775868_G_T	21	2	0.0	0.04		0.0	0.0	0.0	0.0	0.0	0.0	1.0	8.0	0.0	0	0.0	0	0.0	0	0.0	0	0.0010329455257149071	1	0	11.0	0.7272727272727273			0.0	0.0	0.0	0.0	0.0	0.0	0.0			0	0
GRCh37_21_38853002_G_A	21	2	0.0	0.46153846153846156		0.0	0.0	0.0	0.0	0.0	0.0	1.0	119.0	23.0	0	0.0	0	0.3333333333333333	1	0.42857142857142855	1	6.175126590095097e-05	1	0	150.0	0.2	0.1		0.0	0.0	0.0	0.0	0.0	0.0	0.0			0	0
GRCh37_21_34925716_G_T	21	3	0.0	0.6	0.2	0.0	0.0	0.0	0.0	0.0	0.0	1.0	71.0	3.0	0	0.5	1	0.6666666666666666	1	0.3333333333333333	1	1.758087201125176e-05	1	0	66.0	0.45454545454545453	0.030303030303030304	0.228	0.0	0.0	0.0	3.0	3.0	0.0	0.0			0	0
GRCh37_21_47744068_G_A	21	3	0.0			0.0	0.0	0.0	0.0	0.0	0.0				0	0.0	0	0.0	1	0.0	1	0.0008442654890245487	1	0	8.0	0.25			0.0	0.0	0.0	0.0	0.0	0.0	0.0			0	0
GRCh37_21_47809154_G_A	21	2	0.0	0.40425531914893614		0.0	0.0	0.0	0.0	0.0	0.0	1.0	66.0	1.0	0	0.3333333333333333	1	0.2	1	0.2	1	2.8908418131359853e-05	1	0	343.0	0.1749271137026239	0.0029154518950437317		0.0	0.0	0.0	0.0	0.0	0.0	0.0			0	0
GRCh37_21_36164583_G_A	21	3	0.0	1.0		0.0	0.0	0.0	0.0	0.0	0.0	1.0	65.0	23.0	0	0.0	1	0.0	1	0.018867924528301886	1		0	0	312.0	0.060897435897435896	0.07371794871794872	0.001	2.0	0.0	0.0	0.0	0.0	0.0	2.0			0	0
GRCh37_21_36164703_G_T	21	3	0.0	1.0		0.0	0.0	0.0	0.0	0.0	0.0	1.0	65.0	23.0	0	0.2222222222222222	0	0.09090909090909091	1	0.11627906976744186	1		0	0	312.0	0.060897435897435896	0.07371794871794872	0.07	0.0	0.0	2.0	0.0	1.0	1.0	0.0			0	0
GRCh37_21_36206889_T_A	21	3	0.0	0.8		0.0	0.0	0.0	0.0	0.0	0.0	1.0	65.0	23.0	0	0.0625	1	0.06060606060606061	1	0.05405405405405406	1	1.777303830089754e-05	1	0	312.0	0.060897435897435896	0.07371794871794872	0.005	2.0	0.0	1.0	0.0	0.0	2.0	1.0			0	0
GRCh37_21_47552237_CCTT_C	21	3	0.0	1.0		0.0	0.0	0.0	0.0	0.0	0.0	2.0	4.0	2.0	0	0.0625	0	0.07894736842105263	1	0.04054054054054054	1	3.279979008134348e-05	1	0	172.0	0.09883720930232558	0.029069767441860465		0.0	0.0	0.0	0.0	0.0	0.0	0.0			1	0
GRCh37_21_36252993_A_T	21	3	0.0	0.5555555555555556		0.0	0.0	0.0	0.0	0.0	0.0	1.0	65.0	23.0	0	0.16666666666666666	1	0.18181818181818182	1	0.375	1	8.675534991324465e-05	1	0	312.0	0.060897435897435896	0.07371794871794872	0.675	0.0	0.0	3.0	0.0	3.0	0.0	0.0			0	0
GRCh37_21_47409559_G_A	21	4	0.0	0.2857142857142857		0.0	0.0	0.0	0.0	0.0	0.0	1.0	65.0	48.0	0	0.45454545454545453	1	0.4444444444444444	1	0.4444444444444444	1		0	1	363.0	0.0440771349862259	0.10192837465564739	0.0	1.0	0.0	0.0	0.0	0.0	0.0	1.0			0	0
GRCh37_21_27269954_C_G	21	3	0.0	0.8888888888888888		0.0	0.0	0.0	0.0	0.0	0.0	1.0	0.0	18.0	0	0.0	1	0.375	1	0.3	1	2.8908418131359853e-05	1	0	71.0	0.08450704225352113	0.23943661971830985	0.671	0.0	0.0	11.0	0.0	6.0	5.0	0.0			0	0
GRCh37_21_34099201_C_T	21	1	0.0	0.07142857142857142		0.0	0.0	0.0	0.0	0.0	0.0	2.0	22.0	3.0	0	0.0	1	0.0	1	0.0	1	0.008240405248531325	1	0	306.0	0.05555555555555555	0.00980392156862745		0.0	0.0	0.0	0.0	0.0	0.0	0.0			0	0
GRCh37_21_46932328_G_A	21	1	0.0	1.0		0.0	0.0	0.0	0.0	0.0	0.0	4.0	0.0	1.0	0	0.0	1	0.0	1	0.125	1	0.5699029126213592	1	0	32.0	0.3125	0.03125		0.0	0.0	0.0	0.0	0.0	0.0	0.0			0	0
GRCh37_21_47552464_T_C	21	3	0.0	1.0		0.0	0.0	0.0	0.0	0.0	0.0	2.0	4.0	2.0	0	0.0	0	0.0	1	0.0	1	1.0407560051621499e-05	1	0	172.0	0.09883720930232558	0.029069767441860465		0.0	0.0	0.0	0.0	0.0	0.0	0.0			0	0
GRCh37_21_47746326_C_T	21	2	0.0	0.0425531914893617		0.0	0.0	0.0	0.0	0.0	0.0				0	0.0	0	0.0	1	0.0	1	0.00036913990402362494	1	0	8.0	0.25			0.0	0.0	0.0	0.0	0.0	0.0	0.0			0	0
GRCh37_21_45710998_C_T	21	2	0.0	0.5714285714285714		0.0	0.0	0.0	0.0	0.0	0.0	1.0	81.0	22.0	0	0.16666666666666666	1	0.16666666666666666	1	0.16666666666666666	1	0.0007072135785007072	1	0	153.0	0.0457516339869281	0.09803921568627451		0.0	0.0	0.0	0.0	0.0	0.0	0.0			0	0
GRCh37_21_47544810_GC_G	21	5	3.0	0.8214285714285714		0.0	0.0	0.0	0.0	0.0	0.0	1.0	95.0	45.0	0	0.0	1	0.0	1	0.0	1	0.0	1	0	323.0	0.021671826625386997	0.1021671826625387		0.0	0.0	0.0	0.0	0.0	0.0	0.0			0	0
GRCh37_21_47552257_G_T	21	3	0.0	1.0		0.0	0.0	0.0	0.0	0.0	0.0	2.0	4.0	2.0	0	0.09090909090909091	1	0.07894736842105263	1	0.04054054054054054	1	3.5916959988506575e-05	1	0	172.0	0.09883720930232558	0.029069767441860465	0.725	0.0	0.0	1.0	0.0	1.0	0.0	0.0			0	0
GRCh37_21_36206893_G_A	21	3	0.0	0.8		0.0	0.0	0.0	0.0	0.0	0.0	1.0	65.0	23.0	0	0.0625	1	0.06060606060606061	1	0.05405405405405406	1		0	0	312.0	0.060897435897435896	0.07371794871794872	0.008	3.0	0.0	0.0	0.0	0.0	0.0	3.0			0	0
GRCh37_21_43161659_A_C	21	3	0.0	1.0		0.0	0.0	0.0	0.0	0.0	0.0	2.0	2.0	4.0	0	0.0	0	0.0	0	0.0	1		0	0	32.0	0.15625	0.0625	0.03	1.0	0.0	0.0	0.0	0.0	1.0	0.0			0	0
GRCh37_21_34030114_G_A	21	2	0.0	0.6428571428571429		0.0	0.0	0.0	0.0	0.0	0.0	2.0	22.0	3.0	0	0.0	1	0.0	1	0.1	1	8.678044547295343e-05	1	0	306.0	0.05555555555555555	0.00980392156862745		0.0	0.0	0.0	0.0	0.0	0.0	0.0			0	0
GRCh37_21_46320278_C_T	21	3	0.0	0.4375		0.0	0.0	0.0	0.0	0.0	0.0	1.0	24.0	17.0	0	0.2857142857142857	1	0.3333333333333333	1	0.18181818181818182	1	0.0001231527093596059	1	0	166.0	0.03614457831325301	0.08433734939759036	0.424	0.0	0.0	3.0	0.0	3.0	0.0	0.0			0	0
GRCh37_21_47422321_G_C	21	1	0.0		0.9411764705882353	0.0	0.0	1.0	0.0	0.0	0.0	1.0	65.0	48.0	0	0.0	1	0.0	1	0.05263157894736842	1	0.0021393702471945077	1	0	363.0	0.0440771349862259	0.10192837465564739		0.0	0.0	0.0	0.0	0.0	0.0	0.0	3.03242232651087e-05	0.016	0	0
GRCh37_21_47549098_G_A	21	2	0.0	1.0	1.0	0.0	0.0	0.0	0.0	0.0	0.0	1.0	95.0	45.0	0	0.0	0	0.0	0	0.0	0	0.00014484356894553882	1	0	323.0	0.021671826625386997	0.1021671826625387		0.0	0.0	0.0	0.0	0.0	0.0	0.0	0.000183786109792972	0.116	0	0
GRCh37_21_34805078_C_T	21	2	0.0	1.0		0.0	0.0	0.0	0.0	0.0	0.0	2.0	4.0	5.0	0	0.0	1	0.0	1	0.0	1	0.0007611177557899315	1	0	36.0	0.05555555555555555	0.027777777777777776	1.0	0.0	0.0	2.0	0.0	2.0	0.0	0.0			0	0
GRCh37_21_47535536_T_G	21	1	0.0		0.18518518518518517	0.0	0.0	0.0	0.0	0.0	0.0	1.0	95.0	45.0	0	0.0	0	0.0	0	0.0	0	0.8042452830188679	1	0	323.0	0.021671826625386997	0.1021671826625387		0.0	0.0	0.0	0.0	0.0	0.0	0.0			0	0
GRCh37_21_43792818_C_T	21	3	0.0	1.0		0.0	0.0	0.0	0.0	0.0	0.0	1.0	11.0	20.0	0	0.0	0	0.0	0	0.0	0	0.008915950853539198	1	0	65.0	0.07692307692307693	0.23076923076923078		0.0	0.0	0.0	0.0	0.0	0.0	0.0			0	0
GRCh37_21_47848462_G_A	21	3	0.0	0.7446808510638298		0.0	0.0	0.0	0.0	0.0	0.0	1.0	66.0	1.0	0	0.0	1	0.0	1	0.0	1	0.0	1	0	343.0	0.1749271137026239	0.0029154518950437317	0.07	2.0	0.0	0.0	0.0	0.0	0.0	2.0			0	0
GRCh37_21_34018066_TGCGGCA_T	21	3	0.0	0.8571428571428571		0.0	0.0	0.0	0.0	0.0	0.0	2.0	22.0	3.0	0	0.0	1	0.0	1	0.058823529411764705	1	0.0001547029702970297	1	0	306.0	0.05555555555555555	0.00980392156862745		0.0	0.0	0.0	0.0	0.0	0.0	0.0			1	0
GRCh37_21_47414096_C_A	21	3	0.0	0.5714285714285714		0.0	0.0	0.0	0.0	0.0	0.0	1.0	65.0	48.0	0	0.0	1	0.0	1	0.07142857142857142	1	6.963788300835655e-05	1	0	363.0	0.0440771349862259	0.10192837465564739	0.513	0.0	0.0	1.0	0.0	1.0	0.0	0.0			0	0
GRCh37_21_47546399_C_T	21	2	0.0		0.9629629629629629	0.0	0.0	0.0	0.0	0.0	0.0	1.0	95.0	45.0	0	0.0	1	0.0	1	0.0	1	6.169683935905798e-05	1	0	323.0	0.021671826625386997	0.1021671826625387		0.0	0.0	0.0	0.0	0.0	0.0	0.0			0	0
GRCh37_21_47836632_C_T	21	3	0.0	0.6382978723404256		0.0	0.0	0.0	0.0	0.0	0.0	1.0	66.0	1.0	0	0.0	0	0.0	1	0.0	1	0.0010258642128823676	1	0	343.0	0.1749271137026239	0.0029154518950437317	0.706	0.0	0.0	2.0	0.0	1.0	1.0	0.0			0	0
GRCh37_21_47532731_A_G	21	3	0.0	0.14285714285714285		0.0	0.0	0.0	0.0	0.0	0.0	1.0	95.0	45.0	0	0.0	1	0.0	1	0.0	1	8.825190624117481e-06	1	0	323.0	0.021671826625386997	0.1021671826625387	0.015	3.0	0.0	0.0	0.0	0.0	0.0	3.0			0	0
GRCh37_21_36161790_T_C	21	1	0.0	1.0		0.0	0.0	0.0	0.0	0.0	0.0	1.0	65.0	23.0	0	0.0	0	0.0	0	0.0	1	0.01828319502074689	1	0	312.0	0.060897435897435896	0.07371794871794872		0.0	0.0	0.0	0.0	0.0	0.0	0.0			0	0
GRCh37_21_45712877_T_TC	21	5	1.0	0.7142857142857143		0.0	0.0	1.0	0.0	0.0	0.0	1.0	81.0	22.0	0	0.16666666666666666	1	0.16666666666666666	1	0.20512820512820512	1	0.0	1	0	153.0	0.0457516339869281	0.09803921568627451		0.0	0.0	0.0	0.0	0.0	0.0	0.0			0	0
GRCh37_21_47546390_T_TGGCCCGGCCCGGCCC	21	2	0.0		0.9629629629629629	0.0	0.0	0.0	0.0	0.0	0.0	1.0	95.0	45.0	0	0.0	1	0.0	1	0.0	1	0.06997654417513682	1	0	323.0	0.021671826625386997	0.1021671826625387		0.0	0.0	0.0	0.0	0.0	0.0	0.0			0	0
GRCh37_21_35821925_A_G	21	2	0.0	1.0		0.0	0.0	0.0	0.0	0.0	0.0	1.0	9.0	7.0	0	0.14285714285714285	1	0.13333333333333333	1	0.11363636363636363	1	0.0010454099967330938	1	0	76.0	0.07894736842105263	0.06578947368421052	0.086	0.0	0.0	8.0	0.0	8.0	0.0	0.0			0	0
GRCh37_21_36259157_AG_A	21	5	3.0	0.4444444444444444		0.0	0.0	0.0	0.0	0.0	0.0	1.0	65.0	23.0	0	0.4090909090909091	1	0.40625	1	0.40625	1		0	0	312.0	0.060897435897435896	0.07371794871794872		0.0	0.0	0.0	0.0	0.0	0.0	0.0			0	0
GRCh37_21_44837556_C_T	21	3	0.0	0.9285714285714286		0.0	0.0	0.0	0.0	0.0	0.0	2.0	3.0	3.0	0	0.1	1	0.11764705882352941	1	0.09375	1	4.382409010232925e-05	1	0	218.0	0.25229357798165136	0.009174311926605505	0.006	0.0	0.0	1.0	0.0	1.0	0.0	0.0			0	0
GRCh37_21_44479350_C_T	21	2	0.0	0.7777777777777778		0.0	0.0	0.0	0.0	0.0	0.0	1.0	62.0	54.0	0	0.0	1	0.19047619047619047	1	0.19047619047619047	1	6.532532009406845e-05	1	0	197.0	0.005076142131979695	0.14720812182741116		0.0	0.0	0.0	0.0	0.0	0.0	0.0			0	0
GRCh37_21_44485615_G_A	21	3	0.0	0.4444444444444444		0.0	0.0	0.0	0.0	0.0	0.0	1.0	62.0	54.0	0	0.2	0	0.16666666666666666	1	0.25	1	6.211951795254069e-05	1	0	197.0	0.005076142131979695	0.14720812182741116	0.03	5.0	0.0	0.0	0.0	0.0	5.0	0.0			0	0
GRCh37_21_45194197_G_A	21	2	0.0	1.0		0.0	0.0	0.0	0.0	0.0	0.0	1.0	14.0	4.0	0	0.16666666666666666	1	0.13333333333333333	1	0.1	1	0.00011563367252543941	1	0	30.0		0.1		0.0	0.0	0.0	0.0	0.0	0.0	0.0			0	0
GRCh37_21_45194567_A_C	21	3	0.0	0.6666666666666666		0.0	0.0	0.0	0.0	0.0	0.0	1.0	14.0	4.0	0	0.1111111111111111	1	0.2	1	0.2	1		0	0	30.0		0.1	0.035	1.0	0.0	0.0	0.0	1.0	0.0	0.0			0	0
GRCh37_21_34038437_G_A	21	3	0.0	0.5714285714285714		0.0	0.0	0.0	0.0	0.0	0.0	2.0	22.0	3.0	0	0.0	1	0.0	1	0.0	1		0	0	306.0	0.05555555555555555	0.00980392156862745	0.027	4.0	0.0	0.0	0.0	0.0	3.0	1.0			0	0
GRCh37_21_38269384_G_T	21	2	0.0	0.5833333333333334		0.0	0.0	0.0	0.0	0.0	0.0	1.0	42.0	11.0	0	0.14285714285714285	1	0.2222222222222222	1	0.2	1	6.215040397762585e-05	1	0	97.0	0.08247422680412371	0.08247422680412371		0.0	0.0	0.0	0.0	0.0	0.0	0.0			0	0
GRCh37_21_45752970_A_G	21	5	0.0	0.625		0.0	0.0	0.0	0.0	0.0	0.0				0	0.14285714285714285	1	0.25	1	0.25	1	0.00022639800769753225	1	1	33.0	0.030303030303030304	0.09090909090909091	0.0	4.0	0.0	0.0	0.0	0.0	0.0	4.0			0	0
GRCh37_21_47777113_C_T	21	3	0.0		0.2826086956521739	0.0	0.0	2.0	0.0	0.0	0.0	1.0	66.0	1.0	0	0.0	0	0.0	0	0.0	1	2.891844997108155e-05	1	0	343.0	0.1749271137026239	0.0029154518950437317		0.0	0.0	0.0	0.0	0.0	0.0	0.0	1.00720376625508e-05	0.0	0	0
GRCh37_21_34924602_G_A	21	3	0.0	0.6	0.2	0.0	0.0	0.0	0.0	0.0	0.0	1.0	71.0	3.0	0	0.3333333333333333	1	0.2	1	0.2	1		0	0	66.0	0.45454545454545453	0.030303030303030304	0.0	0.0	3.0	0.0	0.0	0.0	0.0	3.0			0	0
GRCh37_21_34038441_C_T	21	3	0.0	0.5714285714285714		0.0	0.0	0.0	0.0	0.0	0.0	2.0	22.0	3.0	0	0.0	1	0.0	1	0.0	1	0.0	1	0	306.0	0.05555555555555555	0.00980392156862745	0.082	4.0	0.0	0.0	0.0	0.0	2.0	2.0			0	0
GRCh37_21_44486407_C_T	21	3	0.0	0.3333333333333333		0.0	0.0	0.0	0.0	0.0	0.0	1.0	62.0	54.0	0	0.13043478260869565	1	0.14285714285714285	1	0.13513513513513514	1	0.0015024823621635746	1	0	197.0	0.005076142131979695	0.14720812182741116	0.375	0.0	0.0	5.0	0.0	5.0	0.0	0.0			0	0
GRCh37_21_44592215_G_A	21	5	0.0	1.0		0.0	0.0	0.0	0.0	0.0	0.0	1.0	2.0	10.0	0	0.2857142857142857	0	0.2857142857142857	0	0.2727272727272727	1		0	2	20.0		0.45	0.0	2.0	0.0	0.0	0.0	0.0	0.0	2.0			0	0
GRCh37_21_34038847_C_T	21	2	0.0	0.5357142857142857		0.0	0.0	0.0	0.0	0.0	0.0	2.0	22.0	3.0	0	0.0	1	0.08333333333333333	1	0.08333333333333333	1		0	0	306.0	0.05555555555555555	0.00980392156862745		0.0	0.0	0.0	0.0	0.0	0.0	0.0			0	0
GRCh37_21_45717591_C_T	21	3	0.0	1.0		0.0	0.0	0.0	0.0	0.0	0.0	1.0	81.0	22.0	0	0.0	1	0.09090909090909091	1	0.09090909090909091	1	0.00011574743908791018	1	0	153.0	0.0457516339869281	0.09803921568627451	0.138	0.0	0.0	1.0	0.0	1.0	0.0	0.0			0	0
GRCh37_21_47422609_G_A	21	3	0.0	0.9428571428571428		0.0	0.0	0.0	0.0	0.0	0.0	1.0	65.0	48.0	0	0.1	1	0.08333333333333333	1	0.07142857142857142	1	8.688097306689835e-05	1	0	363.0	0.0440771349862259	0.10192837465564739	0.678	0.0	0.0	1.0	0.0	1.0	0.0	0.0			0	0
GRCh37_21_47551909_G_A	21	1	0.0	1.0		0.0	0.0	0.0	0.0	0.0	0.0	2.0	4.0	2.0	0	0.125	1	0.1111111111111111	1	0.08163265306122448	1	0.017649687220732797	1	0	172.0	0.09883720930232558	0.029069767441860465	0.078	0.0	0.0	1.0	0.0	0.0	0.0	1.0			0	0
GRCh37_21_34051038_A_G	21	3	0.0	0.42857142857142855		0.0	0.0	0.0	0.0	0.0	0.0	2.0	22.0	3.0	0	0.0	0	0.0	0	0.0	0	1.762207693798791e-05	1	0	306.0	0.05555555555555555	0.00980392156862745	0.007	4.0	0.0	0.0	0.0	0.0	0.0	4.0			0	0
GRCh37_21_45750608_A_G	21	3	0.0	0.8571428571428571	1.0	0.0	0.0	0.0	0.0	0.0	0.0				0	0.0	0	0.0	1	0.0	1		0	0	36.0	0.2222222222222222	0.027777777777777776	0.483	0.0	0.0	0.0	1.0	1.0	0.0	0.0			0	0
GRCh37_21_47541041_GGTCA_G	21	3	0.0		0.6296296296296297	0.0	3.0	0.0	0.0	0.0	0.0	1.0	95.0	45.0	0	0.125	1	0.1111111111111111	1	0.1111111111111111	1	3.627657258942175e-05	1	0	323.0	0.021671826625386997	0.1021671826625387		0.0	0.0	0.0	0.0	0.0	0.0	0.0			0	0
GRCh37_21_47786880_CGAGCAGACTTT_C	21	5	2.0	0.3191489361702128		0.0	0.0	0.0	0.0	0.0	0.0	1.0	66.0	1.0	0	0.0	1	0.0	1	0.2222222222222222	1		0	0	343.0	0.1749271137026239	0.0029154518950437317		0.0	0.0	0.0	0.0	0.0	0.0	0.0			0	0
GRCh37_21_34927432_C_T	21	2	0.0	0.6	0.2	0.0	0.0	0.0	0.0	0.0	0.0	1.0	71.0	3.0	0	0.0	1	0.0	1	0.125	1		0	0	66.0	0.45454545454545453	0.030303030303030304		0.0	0.0	0.0	0.0	0.0	0.0	0.0			0	1
GRCh37_21_47544587_GA_AG	21	3	0.0	0.7857142857142857		0.0	0.0	0.0	0.0	0.0	0.0	1.0	95.0	45.0	0	0.1111111111111111	0	0.07692307692307693	1	0.07692307692307693	1	0.0	1	0	323.0	0.021671826625386997	0.1021671826625387		2.0	0.0	1.0	0.0	0.0	0.0	3.0			0	0
GRCh37_21_34072271_A_G	21	3	0.0	0.14285714285714285		0.0	0.0	0.0	0.0	0.0	0.0	2.0	22.0	3.0	0	0.0	0	0.125	1	0.0625	1		0	0	306.0	0.05555555555555555	0.00980392156862745	0.004	4.0	0.0	0.0	0.0	0.0	2.0	2.0			0	0
GRCh37_21_46314945_C_T	21	3	0.0	0.5625		0.0	0.0	0.0	0.0	0.0	0.0	1.0	24.0	17.0	0	0.4	1	0.3333333333333333	1	0.2222222222222222	1	6.153088850603002e-05	1	0	166.0	0.03614457831325301	0.08433734939759036	0.001	3.0	0.0	0.0	0.0	0.0	3.0	0.0			0	0
GRCh37_21_47419594_G_A	21	2	0.0	0.7714285714285715		0.0	0.0	0.0	0.0	0.0	0.0	1.0	65.0	48.0	0	0.16666666666666666	0	0.14285714285714285	1	0.14285714285714285	1	6.222775357809582e-05	1	0	363.0	0.0440771349862259	0.10192837465564739		0.0	0.0	0.0	0.0	0.0	0.0	0.0			0	0
GRCh37_21_47532544_C_T	21	1	0.0		0.1111111111111111	0.0	0.0	0.0	0.0	0.0	0.0	1.0	95.0	45.0	0	0.0	1	0.0	1	0.08	1	0.6054502369668247	1	0	323.0	0.021671826625386997	0.1021671826625387		0.0	0.0	0.0	0.0	0.0	0.0	0.0			0	0
GRCh37_21_46911156_C_T	21	3	0.0	0.5238095238095238		0.0	0.0	0.0	0.0	0.0	0.0	1.0	38.0	3.0	0	0.2	1	0.16666666666666666	1	0.16666666666666666	1	7.206947497387481e-05	1	0	92.0	0.20652173913043478	0.021739130434782608		0.0	0.0	0.0	0.0	0.0	0.0	0.0			0	0
GRCh37_21_35821935_CT_C	21	3	0.0	1.0		0.0	0.0	0.0	0.0	0.0	0.0	1.0	9.0	7.0	0	0.14285714285714285	1	0.13333333333333333	1	0.11363636363636363	1	0.0002602961591855622	1	0	76.0	0.07894736842105263	0.06578947368421052		0.0	0.0	0.0	0.0	0.0	0.0	0.0			0	0
GRCh37_21_38862765_T_A	21	4	0.0		0.6666666666666666	0.0	7.0	0.0	0.0	0.0	0.0	1.0	119.0	23.0	0	0.5	0	0.8	0	0.4166666666666667	1		0	0	150.0	0.2	0.1		0.0	0.0	0.0	0.0	0.0	0.0	0.0	0.999988247793601	0.932	0	0
GRCh37_21_47545310_T_C	21	1	0.0		0.8888888888888888	0.0	0.0	0.0	0.0	0.0	0.0	1.0	95.0	45.0	0	0.0	1	0.07142857142857142	1	0.08333333333333333	1	0.3217939121756487	1	0	323.0	0.021671826625386997	0.1021671826625387		0.0	0.0	0.0	0.0	0.0	0.0	0.0			0	0
GRCh37_21_36164914_G_T	21	3	0.0		1.0	0.0	0.0	2.0	0.0	0.0	0.0	1.0	65.0	23.0	0	0.1111111111111111	1	0.1111111111111111	1	0.037037037037037035	1		0	0	312.0	0.060897435897435896	0.07371794871794872		0.0	0.0	0.0	0.0	0.0	0.0	0.0	0.0712140081194168	0.26	0	0
GRCh37_21_47552202_G_A	21	1	0.0	1.0		0.0	0.0	0.0	0.0	0.0	0.0	2.0	4.0	2.0	0	0.0625	0	0.07894736842105263	1	0.04054054054054054	1	0.000559458517526643	1	0	172.0	0.09883720930232558	0.029069767441860465		0.0	0.0	0.0	0.0	0.0	0.0	0.0			0	0
GRCh37_21_44836654_A_C	21	2	0.0	1.0		0.0	0.0	0.0	0.0	0.0	0.0	2.0	3.0	3.0	0	0.0	0	0.0	1	0.0	1	0.00010669322142399886	1	0	218.0	0.25229357798165136	0.009174311926605505	1.0	0.0	0.0	0.0	1.0	1.0	0.0	0.0			0	0
GRCh37_21_44592195_C_T	21	1	0.0	1.0		0.0	0.0	0.0	0.0	0.0	0.0	1.0	2.0	10.0	0	0.0	1	0.0	1	0.0	1	0.044328875681030215	1	0	20.0		0.45		0.0	0.0	0.0	0.0	0.0	0.0	0.0			0	0
GRCh37_21_44838191_G_A	21	3	0.0	0.8571428571428571		0.0	0.0	0.0	0.0	0.0	0.0	2.0	3.0	3.0	0	0.0	1	0.0	1	0.0	1		0	0	218.0	0.25229357798165136	0.009174311926605505	0.002	1.0	0.0	0.0	0.0	0.0	0.0	1.0			0	0
GRCh37_21_45753012_A_G	21	3	0.0	0.625		0.0	0.0	0.0	0.0	0.0	0.0				0	0.125	1	0.07142857142857142	1	0.09523809523809523	1		0	0	33.0	0.030303030303030304	0.09090909090909091	0.002	4.0	0.0	0.0	0.0	0.0	0.0	4.0			0	0
GRCh37_21_46313431_T_A	21	3	0.0	0.625		0.0	0.0	0.0	0.0	0.0	0.0	1.0	24.0	17.0	0	0.16666666666666666	1	0.14285714285714285	1	0.14285714285714285	1		0	0	166.0	0.03614457831325301	0.08433734939759036	0.001	3.0	0.0	0.0	0.0	0.0	0.0	3.0			0	0
GRCh37_21_47535840_G_C	21	5	0.0		0.2222222222222222	0.0	3.0	0.0	0.0	0.0	0.0	1.0	95.0	45.0	0	0.5	0	0.4666666666666667	1	0.5588235294117647	1		0	0	323.0	0.021671826625386997	0.1021671826625387		0.0	0.0	0.0	0.0	0.0	0.0	0.0	0.999980275976526	0.926	0	0
GRCh37_21_38858866_G_A	21	3	0.0	0.5384615384615384		0.0	0.0	0.0	0.0	0.0	0.0	1.0	119.0	23.0	0	0.8	1	0.8181818181818182	1	0.5789473684210527	1	6.569438969911969e-05	1	0	150.0	0.2	0.1	0.062	6.0	0.0	1.0	0.0	5.0	2.0	0.0			0	0
GRCh37_21_44837566_C_A	21	3	0.0	0.9285714285714286		0.0	0.0	0.0	0.0	0.0	0.0	2.0	3.0	3.0	0	0.1	1	0.11764705882352941	1	0.09375	1		0	0	218.0	0.25229357798165136	0.009174311926605505	0.0	1.0	0.0	0.0	0.0	1.0	0.0	0.0			0	0
GRCh37_21_46330679_G_C	21	3	0.0	0.125		0.0	0.0	0.0	0.0	0.0	0.0	1.0	24.0	17.0	0	0.16666666666666666	1	0.1	1	0.1	1	8.872642095363157e-06	1	0	166.0	0.03614457831325301	0.08433734939759036	1.0	0.0	0.0	2.0	0.0	2.0	0.0	0.0			0	0
GRCh37_21_47417338_G_A	21	3	0.0	0.6		0.0	0.0	0.0	0.0	0.0	0.0	1.0	65.0	48.0	0	0.0	0	0.0	1	0.0	1	2.8931836592986924e-05	1	0	363.0	0.0440771349862259	0.10192837465564739	0.076	0.0	0.0	1.0	0.0	1.0	0.0	0.0			0	0
GRCh37_21_47862484_C_G	21	3	0.0	0.9361702127659575		0.0	0.0	2.0	0.0	0.0	0.0	1.0	66.0	1.0	0	0.0	1	0.0	1	0.0	1	0.000184660839591284	1	0	343.0	0.1749271137026239	0.0029154518950437317	0.069	2.0	0.0	0.0	0.0	1.0	1.0	0.0	0.0513901017386024	0.246	0	0
GRCh37_21_36163611_C_T	21	3	0.0	1.0		0.0	0.0	0.0	0.0	0.0	0.0	1.0	65.0	23.0	0	0.0	0	0.0	0	0.0	1		0	0	312.0	0.060897435897435896	0.07371794871794872		0.0	0.0	0.0	0.0	0.0	0.0	0.0			0	1
GRCh37_21_47558553_C_T	21	3	0.0	0.8571428571428571		0.0	0.0	0.0	0.0	0.0	0.0	2.0	4.0	2.0	0	0.0	1	0.0	1	0.0	1	0.0	1	0	172.0	0.09883720930232558	0.029069767441860465	0.412	0.0	0.0	3.0	0.0	3.0	0.0	0.0			0	0
GRCh37_21_38850518_G_GC	21	5	7.0	0.38461538461538464		0.0	0.0	0.0	0.0	0.0	0.0	1.0	119.0	23.0	7	0.2	1	0.6	1	0.3333333333333333	1		0	0	150.0	0.2	0.1		0.0	0.0	0.0	0.0	0.0	0.0	0.0			0	0
GRCh37_21_34059390_T_C	21	2	0.0		0.25925925925925924	0.0	0.0	4.0	0.0	0.0	0.0	2.0	22.0	3.0	0	0.0	1	0.0	1	0.0	1		0	0	306.0	0.05555555555555555	0.00980392156862745		0.0	0.0	0.0	0.0	0.0	0.0	0.0	8.6340353732622e-05	0.002	0	0
GRCh37_21_44486405_G_A	21	2	0.0	0.3333333333333333		0.0	0.0	0.0	0.0	0.0	0.0	1.0	62.0	54.0	0	0.13043478260869565	1	0.14285714285714285	1	0.13513513513513514	1	8.809175637343858e-06	1	0	197.0	0.005076142131979695	0.14720812182741116		0.0	0.0	0.0	0.0	0.0	0.0	0.0			0	0
GRCh37_21_47831621_C_T	21	1	0.0	0.5957446808510638		0.0	0.0	0.0	0.0	0.0	0.0	1.0	66.0	1.0	0	0.0	1	0.0	1	0.08	1	0.06132798788035546	1	0	343.0	0.1749271137026239	0.0029154518950437317		0.0	0.0	0.0	0.0	0.0	0.0	0.0			0	0
GRCh37_21_44485548_C_G	21	2	0.0	0.4444444444444444		0.0	0.0	0.0	0.0	0.0	0.0	1.0	62.0	54.0	0	0.2	1	0.21052631578947367	1	0.19047619047619047	1	2.8963679545849506e-05	1	0	197.0	0.005076142131979695	0.14720812182741116		0.0	0.0	0.0	0.0	0.0	0.0	0.0			0	0
GRCh37_21_34059288_C_G	21	3	0.0	0.2857142857142857		0.0	0.0	4.0	0.0	0.0	0.0	2.0	22.0	3.0	0	0.0	1	0.0	1	0.0	1		0	0	306.0	0.05555555555555555	0.00980392156862745	0.032	4.0	0.0	0.0	0.0	0.0	1.0	3.0	0.987877208182437	0.814	0	0
GRCh37_21_47746498_G_A	21	3	0.0	0.0425531914893617		0.0	0.0	0.0	0.0	0.0	0.0				0	0.0	0	0.0	1	0.0	1	0.00011443863448300146	1	0	8.0	0.25		0.352	0.0	0.0	1.0	0.0	1.0	0.0	0.0			0	0
GRCh37_21_44473935_CGAA_C	21	3	0.0	1.0	1.0	0.0	0.0	0.0	0.0	0.0	0.0	1.0	62.0	54.0	0	0.0	1	0.0	1	0.0	1		0	0	197.0	0.005076142131979695	0.14720812182741116		0.0	0.0	0.0	0.0	0.0	0.0	0.0			0	0
GRCh37_21_44482491_C_T	21	5	0.0	0.6666666666666666		0.0	0.0	0.0	0.0	5.0	0.0	1.0	62.0	54.0	0	0.3076923076923077	1	0.22727272727272727	1	0.21739130434782608	1	3.269897325223988e-05	1	0	197.0	0.005076142131979695	0.14720812182741116		0.0	0.0	0.0	0.0	0.0	0.0	0.0			0	0
GRCh37_21_47773201_G_A	21	2	0.0	0.2127659574468085		0.0	0.0	0.0	0.0	0.0	0.0	1.0	66.0	1.0	0	0.0	0	0.0	0	0.0	0	5.436555398499511e-05	1	0	343.0	0.1749271137026239	0.0029154518950437317	1.0	0.0	0.0	2.0	0.0	2.0	0.0	0.0			0	0
GRCh37_21_38792695_A_G	21	2	0.0		0.25	0.0	0.0	0.0	0.0	0.0	0.0	1.0	119.0	23.0	0	0.0	1	0.0	1	0.0	1		0	0	150.0	0.2	0.1		0.0	0.0	0.0	0.0	0.0	0.0	0.0			0	0
GRCh37_21_38862744_C_T	21	5	0.0	0.6153846153846154		0.0	0.0	0.0	0.0	0.0	0.0	1.0	119.0	23.0	0	1.0	0	0.8	0	0.4166666666666667	1		0	0	150.0	0.2	0.1	0.012	7.0	0.0	0.0	0.0	0.0	0.0	7.0			0	0
GRCh37_21_47552532_C_G	21	1	0.0	1.0		0.0	0.0	0.0	0.0	0.0	0.0	2.0	4.0	2.0	0	0.0	1	0.0	1	0.0	1	0.013927255985267036	1	0	172.0	0.09883720930232558	0.029069767441860465		0.0	0.0	0.0	0.0	0.0	0.0	0.0			0	0
GRCh37_21_47836457_G_A	21	3	0.0	0.6382978723404256		0.0	0.0	0.0	0.0	0.0	0.0	1.0	66.0	1.0	0	0.0	0	0.0	1	0.0	1	0.0001677911618213289	1	0	343.0	0.1749271137026239	0.0029154518950437317	0.246	0.0	0.0	2.0	0.0	2.0	0.0	0.0			0	0
GRCh37_21_47851424_G_A	21	1	0.0		0.8043478260869565	0.0	0.0	0.0	0.0	0.0	0.0	1.0	66.0	1.0	0	0.0	1	0.2	1	0.14285714285714285	1	0.013065460351250665	1	0	343.0	0.1749271137026239	0.0029154518950437317		0.0	0.0	0.0	0.0	0.0	0.0	0.0			0	0
GRCh37_21_45941817_C_T	21	2	0.0	0.7692307692307693		0.0	0.0	0.0	0.0	0.0	0.0	1.0	11.0	5.0	0	0.0	1	0.0	1	0.0	1	0.001566377444164804	1	0	51.0	0.3137254901960784	0.0196078431372549		0.0	0.0	0.0	0.0	0.0	0.0	0.0			0	0
GRCh37_21_47418313_G_T	21	5	0.0	0.6857142857142857		0.0	0.0	1.0	0.0	0.0	0.0	1.0	65.0	48.0	0	0.36363636363636365	0	0.26666666666666666	1	0.25	1		0	0	363.0	0.0440771349862259	0.10192837465564739	0.001	1.0	0.0	0.0	0.0	0.0	0.0	1.0	0.0730380208560857	0.468	0	0
GRCh37_21_47630624_A_G	21	5	0.0	0.5454545454545454		0.0	0.0	0.0	0.0	0.0	0.0	2.0	4.0	13.0	0	0.0	0	0.0	1	0.0	1	0.0	1	0	21.0	0.38095238095238093	0.47619047619047616	0.0	4.0	0.0	0.0	0.0	0.0	0.0	4.0			0	0
GRCh37_21_47836206_A_C	21	1	0.0	0.6382978723404256		0.0	0.0	0.0	0.0	0.0	0.0	1.0	66.0	1.0	0	0.2	1	0.16666666666666666	1	0.125	1	0.4436984107428853	1	0	343.0	0.1749271137026239	0.0029154518950437317	1.0	0.0	0.0	2.0	0.0	2.0	0.0	0.0			0	0
GRCh37_21_36252925_T_A	21	3	0.0	0.5555555555555556		0.0	0.0	0.0	0.0	0.0	0.0	1.0	65.0	23.0	0	0.2	1	0.18181818181818182	1	0.375	1		0	0	312.0	0.060897435897435896	0.07371794871794872	0.065	3.0	0.0	0.0	0.0	0.0	0.0	3.0			0	0
GRCh37_21_46913130_G_A	21	2	0.0	0.5952380952380952		0.0	0.0	0.0	0.0	0.0	0.0	1.0	38.0	3.0	0	0.0	0	0.0	0	0.0	1	0.001176470588235294	1	0	92.0	0.20652173913043478	0.021739130434782608		0.0	0.0	0.0	0.0	0.0	0.0	0.0			0	0
GRCh37_21_27543124_C_A	21	3	0.0		0.06666666666666667	0.0	0.0	0.0	0.0	0.0	0.0	1.0	0.0	18.0	0	0.0	0	0.0	0	0.0	1		0	0	71.0	0.08450704225352113	0.23943661971830985		0.0	0.0	0.0	0.0	0.0	0.0	0.0			0	0
GRCh37_21_10951256_T_C	21	1	0.0		0.43478260869565216	0.0	0.0	0.0	0.0	0.0	0.0				0	0.0	0	0.0	0	0.0	0	0.007940464321321748	1	0					0.0	0.0	0.0	0.0	0.0	0.0	0.0			0	0
GRCh37_21_38878437_C_T	21	3	0.0	0.9230769230769231	1.0	0.0	0.0	0.0	0.0	0.0	0.0	1.0	119.0	23.0	0	0.16666666666666666	0	0.058823529411764705	1	0.10344827586206896	1	9.801359121798223e-05	1	0	150.0	0.2	0.1	0.004	5.0	1.0	0.0	0.0	0.0	0.0	6.0			0	0
GRCh37_21_41668001_G_A	21	2	0.0	0.30303030303030304		0.0	0.0	0.0	0.0	0.0	0.0	2.0	2.0	2.0	0	0.0	1	0.0	1	0.0	1	0.0004647650031952594	1	0	13.0	0.6153846153846154	0.07692307692307693		0.0	0.0	0.0	0.0	0.0	0.0	0.0			0	0
GRCh37_21_45947382_G_A	21	2	0.0	0.6153846153846154		0.0	0.0	0.0	0.0	0.0	0.0	1.0	11.0	5.0	0	0.5	1	0.6666666666666666	1	0.25	1	0.00013188668296199905	1	0	51.0	0.3137254901960784	0.0196078431372549		0.0	0.0	0.0	0.0	0.0	0.0	0.0			0	0
GRCh37_21_46308610_C_T	21	3	0.0	0.875		0.0	0.0	3.0	0.0	0.0	0.0	1.0	24.0	17.0	0	0.375	1	0.36363636363636365	1	0.20689655172413793	1	0.00028936859771977545	1	0	166.0	0.03614457831325301	0.08433734939759036	0.325	0.0	0.0	3.0	0.0	3.0	0.0	0.0	0.000137617343653448	0.002	0	0
GRCh37_21_47423345_C_T	21	2	0.0	1.0		0.0	0.0	0.0	0.0	0.0	0.0	1.0	65.0	48.0	0	0.0	1	0.0	1	0.0	1	6.55694708543702e-05	1	0	363.0	0.0440771349862259	0.10192837465564739		0.0	0.0	0.0	0.0	0.0	0.0	0.0			0	0
GRCh37_21_47552340_C_T	21	2	0.0	1.0		0.0	0.0	0.0	0.0	0.0	0.0	2.0	4.0	2.0	0	0.0	1	0.0	1	0.04054054054054054	1	0.00012523481527864746	1	0	172.0	0.09883720930232558	0.029069767441860465		0.0	0.0	0.0	0.0	0.0	0.0	0.0			0	0
GRCh37_21_35821706_GGT_TAGA	21	3	8.0	1.0		0.0	0.0	0.0	0.0	0.0	0.0	1.0	9.0	7.0	0	0.14285714285714285	1	0.16666666666666666	1	0.13043478260869565	1		0	0	76.0	0.07894736842105263	0.06578947368421052		0.0	0.0	0.0	0.0	0.0	0.0	0.0			0	0
GRCh37_21_45706038_C_T	21	2	0.0		0.07692307692307693	0.0	0.0	0.0	0.0	0.0	0.0	1.0	81.0	22.0	0	0.5	1	0.5	1	0.5	1	2.0335949892219465e-05	1	0	153.0	0.0457516339869281	0.09803921568627451		0.0	0.0	0.0	0.0	0.0	0.0	0.0			0	0
GRCh37_21_34669177_C_T	21	3	0.0	1.0		0.0	0.0	0.0	0.0	0.0	0.0	2.0	10.0	0.0	0	0.0	0	0.0	0	0.0	0	0.0001159017153453871	1	0	53.0	0.11320754716981132			0.0	0.0	0.0	0.0	0.0	0.0	0.0			0	1
GRCh37_21_35821086_C_T	21	3	0.0	1.0		0.0	0.0	0.0	0.0	0.0	0.0	1.0	9.0	7.0	0	0.0	1	0.0	1	0.0	1		0	0	76.0	0.07894736842105263	0.06578947368421052		0.0	0.0	0.0	0.0	0.0	0.0	0.0			0	1
GRCh37_21_47410910_T_C	21	2	0.0	0.42857142857142855		0.0	0.0	0.0	0.0	0.0	0.0	1.0	65.0	48.0	0	0.16666666666666666	1	0.09090909090909091	1	0.08333333333333333	1		0	0	363.0	0.0440771349862259	0.10192837465564739		0.0	0.0	0.0	0.0	0.0	0.0	0.0			0	0
GRCh37_21_38309346_G_T	21	4	0.0	0.4166666666666667		0.0	0.0	0.0	0.0	8.0	0.0	1.0	42.0	11.0	0	0.3333333333333333	0	0.2	1	0.09523809523809523	1		0	0	97.0	0.08247422680412371	0.08247422680412371		0.0	0.0	0.0	0.0	0.0	0.0	0.0			0	0
GRCh37_21_45752916_C_G	21	3	0.0	0.625		0.0	0.0	4.0	0.0	0.0	0.0				0	0.4	0	0.25	1	0.25	1	0.0002456549775839833	1	0	33.0	0.030303030303030304	0.09090909090909091	0.289	0.0	0.0	4.0	0.0	2.0	2.0	0.0	0.999753408067305	0.762	0	0
GRCh37_21_36088720_G_A	21	1	0.0	1.0		0.0	0.0	0.0	0.0	0.0	0.0				0	0.0	0	0.0	0	0.0	1	0.017358118921580696	1	0	7.0	0.8571428571428571			0.0	0.0	0.0	0.0	0.0	0.0	0.0			0	0
GRCh37_21_46900703_C_T	21	3	0.0	0.30952380952380953		0.0	0.0	0.0	0.0	0.0	0.0	1.0	38.0	3.0	0	0.25	1	0.2	1	0.125	1	0.00025481880562785536	1	0	92.0	0.20652173913043478	0.021739130434782608		0.0	0.0	0.0	0.0	0.0	0.0	0.0			0	0
GRCh37_21_34038348_A_C	21	3	0.0	0.5714285714285714		0.0	0.0	0.0	0.0	0.0	0.0	2.0	22.0	3.0	0	0.0	1	0.0	1	0.0	1	8.682062858135092e-05	1	0	306.0	0.05555555555555555	0.00980392156862745	0.002	4.0	0.0	0.0	0.0	0.0	0.0	4.0			0	0
GRCh37_21_45752996_G_A	21	3	0.0	0.625		0.0	0.0	0.0	0.0	0.0	0.0				0	0.14285714285714285	1	0.25	1	0.25	1	5.680527152919791e-05	1	0	33.0	0.030303030303030304	0.09090909090909091	0.0	4.0	0.0	0.0	0.0	0.0	0.0	4.0			0	0
GRCh37_21_47536294_G_A	21	3	0.0	0.2857142857142857		0.0	0.0	0.0	0.0	0.0	0.0	1.0	95.0	45.0	0	0.42857142857142855	1	0.42857142857142855	1	0.5555555555555556	1	6.536374926465782e-05	1	0	323.0	0.021671826625386997	0.1021671826625387	0.284	0.0	0.0	3.0	0.0	3.0	0.0	0.0			0	0
GRCh37_21_47575403_G_A	21	3	0.0	0.07142857142857142		0.0	0.0	0.0	0.0	0.0	0.0	2.0	4.0	2.0	0	0.0	1	0.0	1	0.0	1	0.00012390038409119069	1	0	172.0	0.09883720930232558	0.029069767441860465	0.0	3.0	0.0	0.0	0.0	0.0	0.0	3.0			0	0
GRCh37_21_47858132_A_G	21	3	0.0	0.8723404255319149		0.0	0.0	0.0	0.0	0.0	0.0	1.0	66.0	1.0	0	0.0	0	0.0	0	0.0	0	0.00027182776992497554	1	0	343.0	0.1749271137026239	0.0029154518950437317	0.01	2.0	0.0	0.0	0.0	0.0	0.0	2.0			0	0
GRCh37_21_16337538_G_A	21	1	0.0	1.0		0.0	0.0	0.0	0.0	0.0	0.0	4.0	1.0	0.0	0	0.0	0	0.0	0	0.0	1	0.07120876415558838	1	0	12.0	0.9166666666666666			0.0	0.0	0.0	0.0	0.0	0.0	0.0			0	0
GRCh37_21_38884381_TCACCACCACCAC_T	21	2	0.0	1.0		0.0	0.0	0.0	0.0	0.0	0.0	1.0	119.0	23.0	0	0.0	1	0.0	1	0.0	1	8.845330550002654e-06	1	0	150.0	0.2	0.1		0.0	0.0	0.0	0.0	0.0	0.0	0.0			1	1
GRCh37_21_46320300_T_A	21	3	0.0	0.4375		0.0	0.0	0.0	0.0	0.0	0.0	1.0	24.0	17.0	0	0.07142857142857142	1	0.09523809523809523	1	0.18181818181818182	1		0	0	166.0	0.03614457831325301	0.08433734939759036	0.002	3.0	0.0	0.0	0.0	0.0	3.0	0.0			0	0
GRCh37_21_19651272_A_T	21	2	0.0		0.9583333333333334	0.0	0.0	0.0	0.0	0.0	0.0	1.0	8.0	0.0	0	0.0	1	0.0	1	0.2	1	8.400537634408603e-05	1	0	11.0	0.7272727272727273			0.0	0.0	0.0	0.0	0.0	0.0	0.0			0	0
GRCh37_21_46320240_C_T	21	3	0.0	0.4375		0.0	0.0	0.0	0.0	0.0	0.0	1.0	24.0	17.0	0	0.4	0	0.3333333333333333	1	0.18181818181818182	1	0.00015870216892964204	1	0	166.0	0.03614457831325301	0.08433734939759036	0.595	0.0	0.0	3.0	0.0	3.0	0.0	0.0			0	0
GRCh37_21_47552238_C_T	21	2	0.0	1.0		0.0	0.0	0.0	0.0	0.0	0.0	2.0	4.0	2.0	0	0.0625	0	0.07894736842105263	1	0.04054054054054054	1	3.278258589037503e-05	1	0	172.0	0.09883720930232558	0.029069767441860465		0.0	0.0	0.0	0.0	0.0	0.0	0.0			0	0
GRCh37_21_27369689_C_G	21	3	0.0	0.47058823529411764	0.4666666666666667	0.0	0.0	0.0	0.0	0.0	0.0	1.0	0.0	18.0	0	0.0	0	0.0	0	0.0	0	8.797705558390373e-06	1	0	71.0	0.08450704225352113	0.23943661971830985	0.13	0.0	0.0	4.0	0.0	4.0	0.0	0.0			0	0
GRCh37_21_46897715_C_T	21	3	0.0	0.19047619047619047		0.0	0.0	0.0	0.0	0.0	0.0	1.0	38.0	3.0	0	0.25	0	0.2	0	0.16666666666666666	0	0.00077780658542909	1	0	92.0	0.20652173913043478	0.021739130434782608	0.182	3.0	0.0	0.0	0.0	1.0	2.0	0.0			0	0
GRCh37_21_47422453_G_A	21	3	0.0	0.9428571428571428		0.0	0.0	0.0	0.0	0.0	0.0	1.0	65.0	48.0	0	0.0	1	0.0	1	0.0	1	0.00012307692307692307	1	0	363.0	0.0440771349862259	0.10192837465564739	0.0	1.0	0.0	0.0	0.0	0.0	0.0	1.0			0	0
GRCh37_21_47535832_G_T	21	4	0.0	0.21428571428571427		0.0	0.0	0.0	0.0	0.0	0.0	1.0	95.0	45.0	0	0.5	0	0.4666666666666667	1	0.5588235294117647	1		0	1	323.0	0.021671826625386997	0.1021671826625387	0.0	3.0	0.0	0.0	0.0	0.0	0.0	3.0			0	0
GRCh37_21_43792116_C_A	21	3	0.0	1.0		0.0	0.0	0.0	0.0	0.0	0.0	1.0	11.0	20.0	0	0.0	0	0.0	0	0.0	0	0.0064404305783616125	1	0	65.0	0.07692307692307693	0.23076923076923078		0.0	0.0	0.0	0.0	0.0	0.0	0.0			0	0
GRCh37_21_45705911_C_T	21	3	0.0	0.07142857142857142		0.0	0.0	0.0	0.0	0.0	0.0	1.0	81.0	22.0	0	0.5	1	0.3181818181818182	1	0.2962962962962963	1	2.0464126386444563e-05	1	0	153.0	0.0457516339869281	0.09803921568627451	0.001	1.0	0.0	0.0	0.0	0.0	0.0	1.0			0	0
GRCh37_21_46932446_G_A	21	3	0.0	1.0		0.0	0.0	0.0	0.0	0.0	0.0	4.0	0.0	1.0	0	0.0	0	0.0	0	0.0	1	0.00019460300985988584	1	0	32.0	0.3125	0.03125		0.0	0.0	0.0	0.0	0.0	0.0	0.0			0	0
GRCh37_21_28212320_C_T	21	2	0.0	0.6666666666666666		0.0	0.0	0.0	0.0	0.0	0.0	3.0	0.0	1.0	0	0.0	0	0.0	0	0.0	0	0.006213090551181103	1	0	8.0	0.875	0.125	0.001	1.0	0.0	0.0	0.0	0.0	0.0	1.0			0	0
GRCh37_21_36259327_G_T	21	3	0.0	0.4444444444444444		0.0	0.0	0.0	0.0	0.0	0.0	1.0	65.0	23.0	0	0.2777777777777778	1	0.19444444444444445	1	0.17333333333333334	1		0	0	312.0	0.060897435897435896	0.07371794871794872	0.294	0.0	1.0	2.0	0.0	1.0	2.0	0.0			0	0
GRCh37_21_38132129_C_T	21	3	0.0	0.8333333333333334		0.0	0.0	0.0	0.0	0.0	0.0	1.0	42.0	11.0	0	0.25	1	0.2	1	0.16666666666666666	1	0.0005436555398499511	1	0	97.0	0.08247422680412371	0.08247422680412371	0.0	7.0	0.0	0.0	0.0	0.0	0.0	7.0			0	0
GRCh37_21_45811496_C_T	21	1	0.0	0.3548387096774194		0.0	0.0	0.0	0.0	0.0	0.0				0	0.0	1	0.0	1	0.0	1	0.004594633142484566	1	0	18.0	0.9444444444444444			0.0	0.0	0.0	0.0	0.0	0.0	0.0			0	0
GRCh37_21_47551877_T_C	21	3	0.0	1.0		0.0	0.0	0.0	0.0	0.0	0.0	2.0	4.0	2.0	0	0.0	1	0.0	1	0.08163265306122448	1	3.445899379738111e-05	1	0	172.0	0.09883720930232558	0.029069767441860465	0.041	1.0	0.0	0.0	0.0	0.0	1.0	0.0			0	0
GRCh37_21_38865325_C_T	21	5	0.0	0.7		0.0	0.0	0.0	0.0	7.0	0.0	1.0	119.0	23.0	0	0.625	1	0.5625	1	0.5625	1		0	0	150.0	0.2	0.1		0.0	0.0	0.0	0.0	0.0	0.0	0.0			0	0
GRCh37_21_43792460_G_T	21	3	0.0	1.0		0.0	0.0	0.0	0.0	0.0	0.0	1.0	11.0	20.0	0	0.0	1	0.0	1	0.0	1	0.007636502481863307	1	0	65.0	0.07692307692307693	0.23076923076923078		0.0	0.0	0.0	0.0	0.0	0.0	0.0			0	1
GRCh37_21_45711081_G_A	21	3	0.0	0.5714285714285714		0.0	0.0	0.0	0.0	0.0	0.0	1.0	81.0	22.0	0	0.5	1	0.35294117647058826	1	0.35294117647058826	1	0.00020338195130454996	1	0	153.0	0.0457516339869281	0.09803921568627451	0.596	0.0	0.0	1.0	0.0	1.0	0.0	0.0			0	0
GRCh37_21_47546465_G_A	21	2	0.0		1.0	0.0	0.0	0.0	0.0	0.0	0.0	1.0	95.0	45.0	0	0.0	1	0.08333333333333333	1	0.08333333333333333	1	0.0	1	0	323.0	0.021671826625386997	0.1021671826625387		0.0	0.0	0.0	0.0	0.0	0.0	0.0			0	0
GRCh37_21_44485590_C_T	21	1	0.0	0.4444444444444444		0.0	0.0	0.0	0.0	0.0	0.0	1.0	62.0	54.0	0	0.2222222222222222	1	0.21052631578947367	1	0.19047619047619047	1	0.007493945938870345	1	2	197.0	0.005076142131979695	0.14720812182741116		0.0	0.0	0.0	0.0	0.0	0.0	0.0			0	0
GRCh37_21_47424850_G_A	21	1	0.0	1.0		0.0	0.0	0.0	0.0	0.0	0.0	1.0	65.0	48.0	0	0.0	0	0.0	1	0.0	1	0.015033279779664907	1	0	363.0	0.0440771349862259	0.10192837465564739		0.0	0.0	0.0	0.0	0.0	0.0	0.0			0	0
GRCh37_21_36161838_GAATA_G	21	3	0.0	1.0		0.0	0.0	0.0	0.0	0.0	0.0	1.0	65.0	23.0	0	0.0	1	0.0	1	0.0	1		0	0	312.0	0.060897435897435896	0.07371794871794872		0.0	0.0	0.0	0.0	0.0	0.0	0.0			0	0
GRCh37_21_47541006_C_A	21	3	0.0	0.6071428571428571		0.0	0.0	0.0	0.0	0.0	0.0	1.0	95.0	45.0	0	0.125	1	0.1111111111111111	1	0.1111111111111111	1	6.211180124223603e-05	1	0	323.0	0.021671826625386997	0.1021671826625387	0.086	3.0	0.0	0.0	0.0	0.0	3.0	0.0			0	0
GRCh37_21_47969815_G_A	21	2	0.0	1.0	0.5945945945945946	0.0	0.0	0.0	0.0	0.0	0.0				0	0.0	0	0.0	0	0.0	0	6.325910931174089e-05	1	0	2.0	1.0		0.0	0.0	0.0	0.0	1.0	1.0	0.0	0.0			0	0
GRCh37_21_28212673_C_T	21	1	0.0	0.5555555555555556		0.0	0.0	0.0	0.0	0.0	0.0	3.0	0.0	1.0	0	0.0	0	0.0	0	0.0	1	0.005597933070866141	1	0	8.0	0.875	0.125		0.0	0.0	0.0	0.0	0.0	0.0	0.0			0	0
GRCh37_21_35884470_G_A	21	3	0.0	0.25		0.0	0.0	0.0	0.0	0.0	0.0	1.0	9.0	7.0	0	0.0	1	0.0	1	0.0	1		0	0	76.0	0.07894736842105263	0.06578947368421052		0.0	0.0	0.0	0.0	0.0	0.0	0.0			0	1
GRCh37_21_36265245_A_C	21	3	0.0	0.3333333333333333		0.0	0.0	0.0	0.0	0.0	0.0	1.0	65.0	23.0	0	0.1111111111111111	0	0.07692307692307693	1	0.07692307692307693	1		0	0	312.0	0.060897435897435896	0.07371794871794872	0.123	0.0	0.0	0.0	1.0	1.0	0.0	0.0			0	0
GRCh37_21_45716287_C_T	21	3	0.0	0.9285714285714286		0.0	0.0	0.0	0.0	0.0	0.0	1.0	81.0	22.0	0	0.2	1	0.2	1	0.3076923076923077	1		0	0	153.0	0.0457516339869281	0.09803921568627451	0.045	1.0	0.0	0.0	0.0	1.0	0.0	0.0			0	0
GRCh37_21_45949757_C_T	21	1	0.0	0.46153846153846156		0.0	0.0	0.0	0.0	0.0	0.0	1.0	11.0	5.0	0	0.0	1	0.0	1	0.16666666666666666	1	0.0008832517797523362	1	0	51.0	0.3137254901960784	0.0196078431372549		0.0	0.0	0.0	0.0	0.0	0.0	0.0			0	0
GRCh37_21_34011296_A_T	21	3	0.0	0.96875		0.0	0.0	0.0	0.0	0.0	0.0	2.0	22.0	3.0	0	0.25	0	0.1111111111111111	1	0.041666666666666664	1		0	0	306.0	0.05555555555555555	0.00980392156862745	0.126	0.0	0.0	0.0	4.0	4.0	0.0	0.0			0	0
GRCh37_21_45196096_T_C	21	3	0.0	0.3333333333333333		0.0	0.0	0.0	0.0	0.0	0.0	1.0	14.0	4.0	0	0.5	0	0.5	0	0.2	1		0	0	30.0		0.1	0.073	1.0	0.0	0.0	0.0	1.0	0.0	0.0			0	0
GRCh37_21_36265222_C_T	21	3	0.0	0.3333333333333333		0.0	0.0	1.0	0.0	0.0	0.0	1.0	65.0	23.0	0	0.1111111111111111	0	0.07692307692307693	1	0.07692307692307693	1	2.916472235184321e-05	1	0	312.0	0.060897435897435896	0.07371794871794872	0.004	1.0	0.0	0.0	0.0	0.0	0.0	1.0	0.999726572631531	0.864	0	0
GRCh37_21_38308856_G_T	21	2	0.0	0.4166666666666667		0.0	0.0	0.0	0.0	0.0	0.0	1.0	42.0	11.0	0	0.0	1	0.0	1	0.047619047619047616	1		0	0	97.0	0.08247422680412371	0.08247422680412371		0.0	0.0	0.0	0.0	0.0	0.0	0.0			0	0
GRCh37_21_47536682_A_G	21	5	0.0		0.3333333333333333	3.0	0.0	0.0	0.0	0.0	0.0	1.0	95.0	45.0	0	0.4444444444444444	0	0.4444444444444444	0	0.25	1		0	0	323.0	0.021671826625386997	0.1021671826625387		0.0	0.0	0.0	0.0	0.0	0.0	0.0	0.999962958601995	0.8	0	0
GRCh37_21_43804114_C_A	21	4	0.0	0.7777777777777778		0.0	0.0	0.0	0.0	0.0	0.0	1.0	11.0	20.0	0	0.3333333333333333	0	0.3333333333333333	0	0.2	0	2.8946911364557403e-05	1	0	65.0	0.07692307692307693	0.23076923076923078	0.017	4.0	0.0	0.0	0.0	0.0	0.0	4.0			0	0
GRCh37_21_47531916_G_A	21	3	0.0	0.10714285714285714		0.0	0.0	0.0	0.0	0.0	0.0	1.0	95.0	45.0	0	0.0	1	0.06666666666666667	1	0.047619047619047616	1	0.001215629522431259	1	0	323.0	0.021671826625386997	0.1021671826625387	0.016	3.0	0.0	0.0	0.0	0.0	0.0	3.0			0	0
GRCh37_21_16337111_G_A	21	1	0.0	1.0		0.0	0.0	0.0	0.0	0.0	0.0	4.0	1.0	0.0	0	0.0	1	0.0	1	0.0	1	0.012646349092859058	1	0	12.0	0.9166666666666666		0.095	0.0	0.0	1.0	0.0	1.0	0.0	0.0			0	0
GRCh37_21_19713783_C_T	21	1	0.0	0.52		0.0	0.0	0.0	0.0	0.0	0.0	1.0	8.0	0.0	0	0.5	1	0.5	1	0.5	1	0.01765719207579673	1	0	11.0	0.7272727272727273		1.0	0.0	0.0	1.0	0.0	1.0	0.0	0.0			0	0
GRCh37_21_47419558_G_A	21	1	0.0		0.7647058823529411	0.0	0.0	0.0	0.0	0.0	0.0	1.0	65.0	48.0	0	0.16666666666666666	0	0.14285714285714285	1	0.14285714285714285	1	0.0004903563255966002	1	0	363.0	0.0440771349862259	0.10192837465564739		0.0	0.0	0.0	0.0	0.0	0.0	0.0			0	0
GRCh37_21_34018081_T_C	21	3	0.0	0.8571428571428571		0.0	0.0	0.0	0.0	0.0	0.0	2.0	22.0	3.0	0	0.0	1	0.0	1	0.058823529411764705	1	2.966478789676654e-05	1	0	306.0	0.05555555555555555	0.00980392156862745	0.35	1.0	0.0	3.0	0.0	4.0	0.0	0.0			0	0
GRCh37_21_36164863_C_T	21	3	0.0	1.0		0.0	0.0	0.0	0.0	0.0	0.0	1.0	65.0	23.0	0	0.038461538461538464	1	0.022222222222222223	1	0.037037037037037035	1		0	0	312.0	0.060897435897435896	0.07371794871794872	0.316	0.0	0.0	2.0	0.0	2.0	0.0	0.0			0	0
GRCh37_21_45843623_C_T	21	2	0.0		0.7666666666666667	0.0	0.0	4.0	0.0	0.0	0.0				0	0.0	0	0.0	0	0.0	0	0.0009976017251456094	1	0	18.0	0.9444444444444444			0.0	0.0	0.0	0.0	0.0	0.0	0.0	4.8702041747956e-05	0.012	0	0
GRCh37_21_43160856_C_T	21	3	0.0	1.0		0.0	0.0	0.0	0.0	0.0	0.0	2.0	2.0	4.0	0	0.0	0	0.0	0	0.0	1		0	0	32.0	0.15625	0.0625		0.0	0.0	0.0	0.0	0.0	0.0	0.0			0	0
GRCh37_21_47546429_T_C	21	3	0.0	0.9642857142857143		0.0	0.0	0.0	0.0	0.0	0.0	1.0	95.0	45.0	0	0.1111111111111111	0	0.08333333333333333	1	0.08333333333333333	1		0	0	323.0	0.021671826625386997	0.1021671826625387	0.012	3.0	0.0	0.0	0.0	3.0	0.0	0.0			0	0
GRCh37_21_45194106_G_A	21	3	0.0	1.0		0.0	0.0	0.0	0.0	0.0	0.0	1.0	14.0	4.0	0	0.0	1	0.13333333333333333	1	0.1	1	5.782352260899734e-05	1	0	30.0		0.1	0.025	1.0	0.0	0.0	0.0	0.0	0.0	1.0			0	0
GRCh37_21_45196085_C_T	21	5	0.0	0.3333333333333333		0.0	0.0	1.0	0.0	0.0	0.0	1.0	14.0	4.0	0	0.5	0	0.5	0	0.2	1		0	0	30.0		0.1		0.0	0.0	0.0	0.0	0.0	0.0	0.0	0.999893129844191	0.988	0	0
GRCh37_21_45711075_TGCCTGTCCCCTCC_T	21	5	1.0	0.5714285714285714		0.0	0.0	0.0	0.0	0.0	0.0	1.0	81.0	22.0	0	0.5	1	0.35294117647058826	1	0.35294117647058826	1	0.000989362088370911	1	0	153.0	0.0457516339869281	0.09803921568627451		0.0	0.0	0.0	0.0	0.0	0.0	0.0			0	0
GRCh37_21_47423466_G_A	21	3	0.0	1.0		0.0	0.0	0.0	0.0	0.0	0.0	1.0	65.0	48.0	0	0.0	1	0.0	1	0.0	1	0.00013083867591259977	1	0	363.0	0.0440771349862259	0.10192837465564739	0.168	0.0	0.0	1.0	0.0	1.0	0.0	0.0			0	0
GRCh37_21_47811184_G_A	21	3	0.0	0.44680851063829785		0.0	0.0	0.0	0.0	0.0	0.0	1.0	66.0	1.0	0	0.5	0	0.3333333333333333	0	0.3333333333333333	0	0.0004441060779088948	1	0	343.0	0.1749271137026239	0.0029154518950437317	0.84	0.0	0.0	2.0	0.0	2.0	0.0	0.0			0	0
GRCh37_21_47862418_T_G	21	3	0.0	0.9361702127659575		0.0	0.0	0.0	0.0	0.0	0.0	1.0	66.0	1.0	0	0.0	0	0.0	1	0.0	1	0.0014700117600940808	1	0	343.0	0.1749271137026239	0.0029154518950437317	0.0	2.0	0.0	0.0	0.0	0.0	0.0	2.0			0	0
GRCh37_21_45929108_TG_T	21	5	2.0	0.8461538461538461	0.6666666666666666	0.0	0.0	0.0	0.0	0.0	0.0	1.0	11.0	5.0	1	0.25	1	0.16666666666666666	1	0.1111111111111111	1	5.787037037037037e-05	1	0	51.0	0.3137254901960784	0.0196078431372549		0.0	0.0	0.0	0.0	0.0	0.0	0.0			0	0
GRCh37_21_47558473_G_C	21	1	0.0	0.8571428571428571		0.0	0.0	0.0	0.0	0.0	0.0	2.0	4.0	2.0	0	0.0	1	0.0	1	0.0	1	0.6757845494119941	1	0	172.0	0.09883720930232558	0.029069767441860465	0.0	0.0	0.0	0.0	0.0	0.0	0.0	0.0			0	0
GRCh37_21_34067480_G_T	21	3	0.0	0.17857142857142858		0.0	0.0	0.0	0.0	0.0	0.0	2.0	22.0	3.0	0	0.0	1	0.125	1	0.0625	1	8.790745103554977e-06	1	0	306.0	0.05555555555555555	0.00980392156862745	0.105	0.0	0.0	4.0	0.0	2.0	0.0	2.0			0	0
GRCh37_21_34775907_G_A	21	3	0.0	0.14285714285714285		0.0	0.0	0.0	0.0	0.0	0.0	2.0	4.0	5.0	0	0.0	1	0.0	1	0.21428571428571427	1	0.0	1	0	36.0	0.05555555555555555	0.027777777777777776	0.18	0.0	1.0	1.0	0.0	2.0	0.0	0.0			0	1
GRCh37_21_43160717_C_T	21	3	0.0	1.0		0.0	0.0	0.0	0.0	0.0	0.0	2.0	2.0	4.0	0	0.0	1	0.0	1	0.0	1	6.480881399870383e-05	1	0	32.0	0.15625	0.0625		0.0	0.0	0.0	0.0	0.0	0.0	0.0			0	0
GRCh37_21_47406987_G_A	21	3	0.0		0.14705882352941177	0.0	1.0	0.0	0.0	0.0	0.0	1.0	65.0	48.0	0	0.0	1	0.0	1	0.0	1	6.484243288808196e-05	1	0	363.0	0.0440771349862259	0.10192837465564739		0.0	0.0	0.0	0.0	0.0	0.0	0.0	0.999983986581419	0.944	0	0
GRCh37_21_47848470_C_T	21	1	0.0	0.7446808510638298		0.0	0.0	0.0	0.0	0.0	0.0	1.0	66.0	1.0	0	0.0	1	0.0	1	0.0	1	0.016608513607815772	1	0	343.0	0.1749271137026239	0.0029154518950437317		0.0	0.0	0.0	0.0	0.0	0.0	0.0			0	0
GRCh37_21_47856020_C_T	21	2	0.0	0.8297872340425532		0.0	0.0	0.0	0.0	0.0	0.0	1.0	66.0	1.0	0	0.0	1	0.0	1	0.0	1	6.586127733243009e-05	1	0	343.0	0.1749271137026239	0.0029154518950437317		0.0	0.0	0.0	0.0	0.0	0.0	0.0			0	0
GRCh37_21_34003563_C_T	21	2	0.0	1.0		0.0	0.0	0.0	0.0	0.0	0.0	2.0	22.0	3.0	0	0.0	1	0.0	1	0.0	1	0.0010110067869325175	1	0	306.0	0.05555555555555555	0.00980392156862745		0.0	0.0	0.0	0.0	0.0	0.0	0.0			0	0
GRCh37_21_45953554_G_A	21	1	0.0		0.3333333333333333	0.0	0.0	0.0	0.0	0.0	0.0	1.0	11.0	5.0	0	0.0	1	0.0	1	0.0	1	0.0033001077586206897	1	0	51.0	0.3137254901960784	0.0196078431372549		0.0	0.0	0.0	0.0	0.0	0.0	0.0			0	0
GRCh37_21_46923934_C_T	21	3	0.0	0.7857142857142857		0.0	0.0	0.0	0.0	0.0	0.0	1.0	38.0	3.0	0	0.0	1	0.0	1	0.0	1	0.0004528985507246377	1	0	92.0	0.20652173913043478	0.021739130434782608	0.116	3.0	0.0	0.0	0.0	0.0	0.0	3.0			0	0
GRCh37_21_47419145_G_T	21	2	0.0		0.7647058823529411	0.0	0.0	0.0	0.0	0.0	0.0	1.0	65.0	48.0	0	0.14285714285714285	1	0.13333333333333333	1	0.125	1	6.966699177929497e-05	1	0	363.0	0.0440771349862259	0.10192837465564739		0.0	0.0	0.0	0.0	0.0	0.0	0.0			0	0
GRCh37_21_33040883_G_A	21	3	0.0	1.0		0.0	0.0	0.0	0.0	0.0	0.0	1.0	3.0	66.0	0	0.7272727272727273	0	0.6086956521739131	0	0.6086956521739131	0	6.155361319709468e-05	1	0	79.0		0.6835443037974683	0.274	0.0	0.0	1.0	0.0	1.0	0.0	0.0			0	0
GRCh37_21_36206764_G_A	21	3	0.0	0.8		0.0	0.0	0.0	0.0	0.0	0.0	1.0	65.0	23.0	0	0.1111111111111111	1	0.12903225806451613	1	0.12903225806451613	1		0	0	312.0	0.060897435897435896	0.07371794871794872	0.0	2.0	1.0	0.0	0.0	0.0	0.0	3.0			0	0
GRCh37_21_47410685_A_C	21	5	0.0		0.38235294117647056	1.0	0.0	0.0	0.0	0.0	0.0	1.0	65.0	48.0	0	0.625	1	0.5555555555555556	1	0.46153846153846156	1		0	0	363.0	0.0440771349862259	0.10192837465564739		0.0	0.0	0.0	0.0	0.0	0.0	0.0	0.999993672935256	0.926	0	0
GRCh37_21_45750145_T_C	21	1	0.0	1.0		0.0	0.0	0.0	0.0	0.0	0.0				0	0.0	1	0.09090909090909091	1	0.07142857142857142	1	0.15135399474295494	1	0	36.0	0.2222222222222222	0.027777777777777776	0.307	0.0	0.0	4.0	0.0	4.0	0.0	0.0			0	0
GRCh37_21_47545475_T_G	21	3	0.0	0.8928571428571429		0.0	0.0	0.0	0.0	0.0	0.0	1.0	95.0	45.0	0	0.0	1	0.15	1	0.0967741935483871	1	6.178942165101334e-05	1	0	323.0	0.021671826625386997	0.1021671826625387	0.001	3.0	0.0	0.0	0.0	0.0	0.0	3.0			0	0
GRCh37_21_37741550_A_G	21	1	0.0	0.8888888888888888		0.0	0.0	0.0	0.0	0.0	0.0				0	0.0	0	0.0	0	0.0	0	0.005783935690477747	1	0					0.0	0.0	0.0	0.0	0.0	0.0	0.0			0	0
GRCh37_21_44473858_C_G	21	3	0.0	1.0	1.0	0.0	0.0	0.0	0.0	0.0	0.0	1.0	62.0	54.0	0	0.0	1	0.0	1	0.0	1	0.00011619800139437602	1	0	197.0	0.005076142131979695	0.14720812182741116		0.0	0.0	0.0	0.0	0.0	0.0	0.0			0	0
GRCh37_21_47766867_G_A	21	3	0.0	0.10638297872340426		0.0	0.0	0.0	0.0	0.0	0.0	1.0	66.0	1.0	0	0.0	1	0.0	1	0.0	1		0	0	343.0	0.1749271137026239	0.0029154518950437317	0.138	0.0	0.0	2.0	0.0	2.0	0.0	0.0			0	0
GRCh37_21_47836750_T_C	21	1	0.0	0.6382978723404256		0.0	0.0	0.0	0.0	0.0	0.0	1.0	66.0	1.0	0	0.0	0	0.0	1	0.0	1	0.048997391122198315	1	0	343.0	0.1749271137026239	0.0029154518950437317		0.0	0.0	0.0	0.0	0.0	0.0	0.0			0	0
GRCh37_21_44839268_C_T	21	3	0.0	0.7142857142857143		0.0	0.0	0.0	0.0	0.0	0.0	2.0	3.0	3.0	0	0.0	1	0.0	1	0.0	1	5.339313364301351e-05	1	0	218.0	0.25229357798165136	0.009174311926605505	0.062	1.0	0.0	0.0	0.0	1.0	0.0	0.0			0	0
GRCh37_21_45786709_G_A	21	1	0.0	0.12903225806451613		0.0	0.0	0.0	0.0	0.0	0.0				0	0.0	0	0.0	0	0.0	1	0.10833641632753731	1	0	18.0	0.9444444444444444		0.45	0.0	0.0	3.0	0.0	3.0	0.0	0.0			0	0
GRCh37_21_47542050_A_C	21	3	0.0	0.6785714285714286		0.0	0.0	0.0	0.0	0.0	0.0	1.0	95.0	45.0	0	0.1	0	0.17647058823529413	1	0.17647058823529413	1	5.354274495805818e-05	1	0	323.0	0.021671826625386997	0.1021671826625387	0.376	3.0	0.0	0.0	0.0	0.0	0.0	3.0			0	0
GRCh37_21_44483114_G_A	21	2	0.0	0.6111111111111112		0.0	0.0	0.0	0.0	0.0	0.0	1.0	62.0	54.0	0	0.3	1	0.14285714285714285	1	0.17307692307692307	1	5.438920918089851e-05	1	0	197.0	0.005076142131979695	0.14720812182741116		0.0	0.0	0.0	0.0	0.0	0.0	0.0			0	0
GRCh37_21_38128878_G_A	21	1	0.0	0.9166666666666666		0.0	0.0	0.0	0.0	0.0	0.0	1.0	42.0	11.0	0	0.1111111111111111	1	0.18181818181818182	1	0.13043478260869565	1	0.0009145544813169584	1	0	97.0	0.08247422680412371	0.08247422680412371		0.0	0.0	0.0	0.0	0.0	0.0	0.0			0	0
GRCh37_21_38850309_C_G	21	2	0.0		0.3333333333333333	0.0	0.0	0.0	0.0	0.0	0.0	1.0	119.0	23.0	0	0.0	0	0.0	0	0.0	0	0.034182151869694886	1	0	150.0	0.2	0.1		0.0	0.0	0.0	0.0	0.0	0.0	0.0			0	0
GRCh37_21_44479411_G_A	21	3	0.0	0.7777777777777778		0.0	0.0	5.0	0.0	0.0	0.0	1.0	62.0	54.0	0	0.2222222222222222	1	0.2222222222222222	1	0.2	1		0	0	197.0	0.005076142131979695	0.14720812182741116	0.001	5.0	0.0	0.0	0.0	4.0	1.0	0.0			0	0
GRCh37_21_45759045_C_T	21	1	0.0	0.14285714285714285		0.0	0.0	0.0	0.0	0.0	0.0				0	0.25	1	0.125	1	0.125	1	0.40884476534296027	1	0	33.0	0.030303030303030304	0.09090909090909091		0.0	0.0	0.0	0.0	0.0	0.0	0.0			0	0
GRCh37_21_47417303_T_C	21	1	0.0		0.5882352941176471	0.0	0.0	0.0	0.0	0.0	0.0	1.0	65.0	48.0	0	0.0	0	0.0	1	0.0	1	0.7539650382032878	1	0	363.0	0.0440771349862259	0.10192837465564739		0.0	0.0	0.0	0.0	0.0	0.0	0.0			0	0
GRCh37_21_34926784_A_G	21	2	0.0	0.6	0.2	0.0	0.0	0.0	0.0	0.0	0.0	1.0	71.0	3.0	0	0.0	0	0.0	1	0.0	1	0.00012303149606299212	1	0	66.0	0.45454545454545453	0.030303030303030304		0.0	0.0	0.0	0.0	0.0	0.0	0.0			0	0
GRCh37_21_45717538_G_A	21	3	0.0		1.0	1.0	0.0	0.0	0.0	0.0	0.0	1.0	81.0	22.0	0	0.3333333333333333	1	0.09090909090909091	1	0.09090909090909091	1		0	0	153.0	0.0457516339869281	0.09803921568627451		0.0	0.0	0.0	0.0	0.0	0.0	0.0	0.99996331125795	0.924	0	0
GRCh37_21_47423804_C_T	21	2	0.0	1.0		0.0	0.0	0.0	0.0	0.0	0.0	1.0	65.0	48.0	0	0.0	1	0.0	1	0.0	1	2.9270577215782695e-05	1	0	363.0	0.0440771349862259	0.10192837465564739		0.0	0.0	0.0	0.0	0.0	0.0	0.0			0	0
GRCh37_21_44838354_G_C	21	2	0.0	0.8571428571428571		0.0	0.0	0.0	0.0	0.0	0.0	2.0	3.0	3.0	0	0.0	1	0.0	1	0.0	1		0	0	218.0	0.25229357798165136	0.009174311926605505		0.0	0.0	0.0	0.0	0.0	0.0	0.0			0	0
GRCh37_21_45711085_G_A	21	2	0.0	0.5714285714285714		0.0	0.0	0.0	0.0	0.0	0.0	1.0	81.0	22.0	0	0.5	1	0.35294117647058826	1	0.35294117647058826	1		0	0	153.0	0.0457516339869281	0.09803921568627451		0.0	0.0	0.0	0.0	0.0	0.0	0.0			0	0
GRCh37_21_47537813_C_T	21	3	0.0	0.42857142857142855		0.0	0.0	0.0	0.0	0.0	0.0	1.0	95.0	45.0	0	0.2	1	0.15789473684210525	1	0.15	1		0	0	323.0	0.021671826625386997	0.1021671826625387	0.303	0.0	0.0	3.0	0.0	2.0	0.0	1.0			0	0
GRCh37_21_36161662_G_C	21	1	0.0	1.0		0.0	0.0	0.0	0.0	0.0	0.0	1.0	65.0	23.0	0	0.0	1	0.0	1	0.0	1	0.03385214007782101	1	0	312.0	0.060897435897435896	0.07371794871794872		0.0	0.0	0.0	0.0	0.0	0.0	0.0			0	0
GRCh37_21_34030048_C_T	21	2	0.0	0.6428571428571429		0.0	0.0	0.0	0.0	0.0	0.0	2.0	22.0	3.0	0	0.0	0	0.3333333333333333	1	0.1	1	0.00018771117507195595	1	0	306.0	0.05555555555555555	0.00980392156862745		0.0	0.0	0.0	0.0	0.0	0.0	0.0			0	0
GRCh37_21_43808611_A_G	21	2	0.0	0.5555555555555556		0.0	0.0	0.0	0.0	0.0	0.0	1.0	11.0	20.0	0	0.2222222222222222	1	0.2222222222222222	1	0.2222222222222222	1	0.0008961609620721555	1	1	65.0	0.07692307692307693	0.23076923076923078	0.33	0.0	0.0	3.0	0.0	3.0	0.0	0.0			0	0
GRCh37_21_47556920_A_T	21	5	0.0	1.0		0.0	0.0	0.0	0.0	2.0	0.0	2.0	4.0	2.0	0	0.0	1	0.0	1	0.0	1	0.004021281860925514	1	0	172.0	0.09883720930232558	0.029069767441860465		0.0	0.0	0.0	0.0	0.0	0.0	0.0			0	0
GRCh37_21_47931424_G_A	21	1	0.0	0.4		0.0	0.0	0.0	0.0	0.0	0.0				0	0.0	1	0.0	1	0.0	1	0.0029823558825630403	1	0	2.0	1.0			0.0	0.0	0.0	0.0	0.0	0.0	0.0			0	0
GRCh37_21_43543098_C_T	21	1	0.0	0.7391304347826086		0.0	0.0	0.0	0.0	0.0	0.0				0	0.0	0	0.0	0	0.0	0	0.08806818181818182	1	0	1.0				0.0	0.0	0.0	0.0	0.0	0.0	0.0			0	0
GRCh37_21_36259220_G_GC	21	5	3.0	0.4444444444444444		0.0	0.0	0.0	0.0	0.0	0.0	1.0	65.0	23.0	4	0.15	1	0.15384615384615385	1	0.17333333333333334	1		0	0	312.0	0.060897435897435896	0.07371794871794872		0.0	0.0	0.0	0.0	0.0	0.0	0.0			0	0
GRCh37_21_44839104_G_A	21	3	0.0	0.7857142857142857		0.0	0.0	0.0	0.0	0.0	0.0	2.0	3.0	3.0	0	0.0	1	0.0	1	0.0	1	0.00034831069313827936	1	0	218.0	0.25229357798165136	0.009174311926605505	0.001	1.0	0.0	0.0	0.0	1.0	0.0	0.0			0	0
GRCh37_21_47409676_G_A	21	4	0.0	0.3142857142857143		0.0	0.0	0.0	0.0	0.0	0.0	1.0	65.0	48.0	0	0.4444444444444444	1	0.4	1	0.2857142857142857	1		0	0	363.0	0.0440771349862259	0.10192837465564739	0.0	1.0	0.0	0.0	0.0	0.0	0.0	1.0			0	0
GRCh37_21_47552001_G_A	21	3	0.0	1.0		0.0	0.0	0.0	0.0	0.0	0.0	2.0	4.0	2.0	0	0.047619047619047616	1	0.0625	1	0.030303030303030304	1	1.0176459813160197e-05	1	0	172.0	0.09883720930232558	0.029069767441860465		0.0	0.0	0.0	0.0	0.0	0.0	0.0			0	0
GRCh37_21_47545913_G_A	21	1	0.0	0.9285714285714286		0.0	0.0	0.0	0.0	0.0	0.0	1.0	95.0	45.0	0	0.0	1	0.03225806451612903	1	0.034482758620689655	1	0.5919423877834336	1	0	323.0	0.021671826625386997	0.1021671826625387		0.0	0.0	0.0	0.0	0.0	0.0	0.0			0	0
GRCh37_21_34099169_A_G	21	2	0.0	0.07142857142857142		0.0	0.0	0.0	0.0	0.0	0.0	2.0	22.0	3.0	0	0.0	0	0.0	1	0.0	1	0.00010547966879383998	1	0	306.0	0.05555555555555555	0.00980392156862745	0.39	0.0	0.0	4.0	0.0	1.0	1.0	2.0			0	0
GRCh37_21_35821929_T_A	21	3	0.0	1.0		0.0	0.0	0.0	0.0	0.0	0.0	1.0	9.0	7.0	0	0.14285714285714285	1	0.13333333333333333	1	0.11363636363636363	1	4.407771783208153e-05	1	0	76.0	0.07894736842105263	0.06578947368421052	0.055	0.0	0.0	8.0	0.0	8.0	0.0	0.0			0	0
GRCh37_21_46308720_G_T	21	2	0.0	0.875		0.0	0.0	0.0	0.0	0.0	0.0	1.0	24.0	17.0	0	0.125	1	0.1111111111111111	1	0.20689655172413793	1	1.763668430335097e-05	1	0	166.0	0.03614457831325301	0.08433734939759036		0.0	0.0	0.0	0.0	0.0	0.0	0.0			0	0
GRCh37_21_34017950_T_G	21	3	0.0		0.8888888888888888	0.0	0.0	4.0	0.0	0.0	0.0	2.0	22.0	3.0	0	0.0	1	0.0	1	0.0	1	0.0005449591280653951	1	0	306.0	0.05555555555555555	0.00980392156862745		0.0	0.0	0.0	0.0	0.0	0.0	0.0	0.000306097551425041	0.016	0	0
GRCh37_21_45825818_C_T	21	1	0.0	0.5806451612903226		0.0	0.0	0.0	0.0	0.0	0.0				0	0.0	0	0.0	0	0.0	1	0.016424941118135614	1	0	18.0	0.9444444444444444			0.0	0.0	0.0	0.0	0.0	0.0	0.0			0	0
GRCh37_21_46309313_C_T	21	2	0.0	0.8125		0.0	0.0	0.0	0.0	0.0	0.0	1.0	24.0	17.0	0	0.14285714285714285	0	0.05555555555555555	1	0.1	1	0.0007539994754786258	1	0	166.0	0.03614457831325301	0.08433734939759036		0.0	0.0	0.0	0.0	0.0	0.0	0.0			0	0
GRCh37_21_47786449_T_G	21	1	0.0		0.30434782608695654	0.0	0.0	0.0	0.0	0.0	0.0	1.0	66.0	1.0	0	0.0	1	0.0	1	0.0	1	0.2793127466914326	1	0	343.0	0.1749271137026239	0.0029154518950437317		0.0	0.0	0.0	0.0	0.0	0.0	0.0			0	0
GRCh37_21_45705914_C_T	21	4	0.0	0.07142857142857142		0.0	0.0	0.0	0.0	0.0	0.0	1.0	81.0	22.0	0	0.5	1	0.3181818181818182	1	0.2962962962962963	1		0	1	153.0	0.0457516339869281	0.09803921568627451	0.025	1.0	0.0	0.0	0.0	0.0	1.0	0.0			0	0
GRCh37_21_47423520_C_T	21	2	0.0	1.0		0.0	0.0	0.0	0.0	0.0	0.0	1.0	65.0	48.0	0	0.0	1	0.0	1	0.0	1	5.554321261941791e-05	1	0	363.0	0.0440771349862259	0.10192837465564739		0.0	0.0	0.0	0.0	0.0	0.0	0.0			0	0
GRCh37_21_33984518_G_A	21	2	0.0	0.2		0.0	0.0	0.0	0.0	0.0	0.0				0	0.0	0	0.0	0	0.0	1	9.354361938972143e-06	1	0	23.0	0.17391304347826086			0.0	0.0	0.0	0.0	0.0	0.0	0.0			0	0
GRCh37_21_34056391_C_T	21	3	0.0	0.35714285714285715		0.0	0.0	0.0	0.0	0.0	0.0	2.0	22.0	3.0	0	0.0	1	0.0	1	0.0	1		0	0	306.0	0.05555555555555555	0.00980392156862745	0.0	4.0	0.0	0.0	0.0	0.0	0.0	4.0			0	0
GRCh37_21_34923755_A_G	21	2	0.0	0.6	0.2	0.0	0.0	0.0	0.0	0.0	0.0	1.0	71.0	3.0	0	0.0	1	0.0	1	0.0	1	8.676538639518741e-05	1	0	66.0	0.45454545454545453	0.030303030303030304	0.005	0.0	2.0	0.0	1.0	1.0	0.0	2.0			0	0
GRCh37_21_36164553_A_G	21	3	0.0	1.0		0.0	0.0	0.0	0.0	0.0	0.0	1.0	65.0	23.0	0	0.0	1	0.0	1	0.018867924528301886	1	0.00017667844522968197	1	0	312.0	0.060897435897435896	0.07371794871794872	0.0	2.0	0.0	0.0	0.0	0.0	0.0	2.0			0	0
GRCh37_21_44838264_C_T	21	2	0.0	0.8571428571428571		0.0	0.0	0.0	0.0	0.0	0.0	2.0	3.0	3.0	0	0.0	1	0.0	1	0.0	1	5.5772448410485224e-05	1	0	218.0	0.25229357798165136	0.009174311926605505		0.0	0.0	0.0	0.0	0.0	0.0	0.0			0	0
GRCh37_21_44845925_C_T	21	3	0.0	0.14285714285714285		0.0	0.0	0.0	0.0	0.0	0.0	2.0	3.0	3.0	0	0.0	1	0.0	1	0.0	1	3.0435841246652057e-05	1	0	218.0	0.25229357798165136	0.009174311926605505	0.003	0.0	0.0	1.0	0.0	0.0	1.0	0.0			0	0
GRCh37_21_33040846_C_A	21	5	0.0	1.0		0.0	0.0	0.0	0.0	0.0	0.0	1.0	3.0	66.0	0	0.5	0	0.6086956521739131	0	0.6086956521739131	0	0.0	1	0	79.0		0.6835443037974683	0.0	1.0	0.0	0.0	0.0	0.0	0.0	1.0			0	0
GRCh37_21_38877728_CTTGA_C	21	5	7.0	0.9		0.0	0.0	0.0	0.0	0.0	0.0	1.0	119.0	23.0	0	0.4166666666666667	1	0.3684210526315789	1	0.43243243243243246	1		0	0	150.0	0.2	0.1		0.0	0.0	0.0	0.0	0.0	0.0	0.0			0	0
GRCh37_21_46932082_C_T	21	1	0.0		1.0	0.0	0.0	0.0	0.0	0.0	0.0	4.0	0.0	1.0	0	0.0	0	0.0	0	0.3333333333333333	1	0.003577461989466362	1	0	32.0	0.3125	0.03125		0.0	0.0	0.0	0.0	0.0	0.0	0.0			0	0
GRCh37_21_38858787_C_T	21	2	0.0	0.5384615384615384		0.0	0.0	0.0	0.0	0.0	0.0	1.0	119.0	23.0	0	0.4444444444444444	1	0.4444444444444444	1	0.4444444444444444	1	9.836517086030178e-06	1	0	150.0	0.2	0.1	0.149	5.0	0.0	2.0	0.0	5.0	0.0	2.0			0	0
GRCh37_21_34037273_TC_T	21	4	4.0	0.6071428571428571		0.0	0.0	0.0	0.0	0.0	0.0	2.0	22.0	3.0	0	0.0	1	0.0	1	0.0	1		0	0	306.0	0.05555555555555555	0.00980392156862745		0.0	0.0	0.0	0.0	0.0	0.0	0.0			0	0
GRCh37_21_46888337_C_T	21	2	0.0	0.07142857142857142		0.0	0.0	0.0	0.0	0.0	0.0	1.0	38.0	3.0	0	0.0	1	0.0	1	0.0	1	0.0006459113809585325	1	0	92.0	0.20652173913043478	0.021739130434782608		0.0	0.0	0.0	0.0	0.0	0.0	0.0			0	0
GRCh37_21_36164883_C_G	21	3	0.0	1.0		0.0	0.0	0.0	0.0	0.0	0.0	1.0	65.0	23.0	0	0.038461538461538464	1	0.022222222222222223	1	0.037037037037037035	1		0	0	312.0	0.060897435897435896	0.07371794871794872	0.44	0.0	0.0	2.0	0.0	2.0	0.0	0.0			0	0
GRCh37_21_43176790_G_A	21	2	0.0	0.25		0.0	0.0	0.0	0.0	0.0	0.0	2.0	2.0	4.0	0	0.5	0	0.5	0	0.3333333333333333	0	0.0004572772406584792	1	0	32.0	0.15625	0.0625		0.0	0.0	0.0	0.0	0.0	0.0	0.0			0	0
GRCh37_21_34022649_T_C	21	3	0.0	0.7857142857142857		0.0	0.0	0.0	0.0	0.0	0.0	2.0	22.0	3.0	0	0.0	1	0.0	1	0.0	1	9.125419769309388e-06	1	0	306.0	0.05555555555555555	0.00980392156862745	0.038	4.0	0.0	0.0	0.0	4.0	0.0	0.0			0	0
GRCh37_21_34926002_TC_T	21	5	3.0	0.6	0.2	0.0	0.0	0.0	0.0	0.0	0.0	1.0	71.0	3.0	0	0.5	1	0.3333333333333333	1	0.3	1		0	0	66.0	0.45454545454545453	0.030303030303030304		0.0	0.0	0.0	0.0	0.0	0.0	0.0			0	0
GRCh37_21_34099178_T_C	21	3	0.0	0.07142857142857142		0.0	0.0	0.0	0.0	0.0	0.0	2.0	22.0	3.0	0	0.0	0	0.0	1	0.0	1	0.00022967386311437759	1	0	306.0	0.05555555555555555	0.00980392156862745	0.034	4.0	0.0	0.0	0.0	0.0	3.0	1.0			0	0
GRCh37_21_43166793_C_T	21	3	0.0	0.625		0.0	0.0	0.0	0.0	0.0	0.0	2.0	2.0	4.0	0	0.0	0	0.0	0	0.0	0	0.0004439370877727042	1	0	32.0	0.15625	0.0625	0.289	0.0	0.0	1.0	0.0	1.0	0.0	0.0			0	0
GRCh37_21_44484064_G_A	21	2	0.0	0.5555555555555556		0.0	0.0	0.0	0.0	0.0	0.0	1.0	62.0	54.0	0	0.0	1	0.0	1	0.0	1	9.902297332981252e-05	1	0	197.0	0.005076142131979695	0.14720812182741116		0.0	0.0	0.0	0.0	0.0	0.0	0.0			0	0
GRCh37_21_45815307_T_C	21	2	0.0	0.3870967741935484		0.0	0.0	0.0	0.0	0.0	0.0				0	0.0	1	0.0	1	0.0	1	0.0038375835602871998	1	0	18.0	0.9444444444444444		0.154	0.0	0.0	3.0	0.0	3.0	0.0	0.0			0	0
GRCh37_21_47537369_T_G	21	4	0.0		0.4074074074074074	0.0	3.0	0.0	0.0	0.0	0.0	1.0	95.0	45.0	0	0.4166666666666667	0	0.34782608695652173	1	0.34782608695652173	1		0	0	323.0	0.021671826625386997	0.1021671826625387		0.0	0.0	0.0	0.0	0.0	0.0	0.0	0.999993519952936	0.924	0	0
GRCh37_21_47831692_G_A	21	3	0.0	0.5957446808510638		0.0	0.0	0.0	0.0	0.0	0.0	1.0	66.0	1.0	0	0.0	1	0.0	1	0.08	1	0.00026755455140020217	1	0	343.0	0.1749271137026239	0.0029154518950437317	0.105	0.0	0.0	2.0	0.0	2.0	0.0	0.0			0	0
GRCh37_21_47832836_A_G	21	1	0.0	0.6170212765957447		0.0	0.0	0.0	0.0	0.0	0.0	1.0	66.0	1.0	0	0.0	0	0.0	1	0.0	1	0.0030738065879866126	1	0	343.0	0.1749271137026239	0.0029154518950437317	0.374	0.0	0.0	2.0	0.0	0.0	0.0	2.0			0	0
GRCh37_21_38862469_T_G	21	2	0.0		0.5833333333333334	0.0	0.0	7.0	0.0	0.0	0.0	1.0	119.0	23.0	0	0.25	0	0.25	0	0.42105263157894735	1		0	0	150.0	0.2	0.1		0.0	0.0	0.0	0.0	0.0	0.0	0.0	0.00186332186885923	0.078	0	0
GRCh37_21_47537778_C_T	21	2	0.0		0.4074074074074074	0.0	0.0	0.0	0.0	0.0	0.0	1.0	95.0	45.0	0	0.25	1	0.25	1	0.2222222222222222	1	9.214551619918175e-06	1	0	323.0	0.021671826625386997	0.1021671826625387		0.0	0.0	0.0	0.0	0.0	0.0	0.0	2.42648515104035e-05	0.0	0	0
GRCh37_21_47831802_C_T	21	1	0.0	0.5957446808510638		0.0	0.0	0.0	0.0	0.0	0.0	1.0	66.0	1.0	0	0.0	1	0.0	1	0.05555555555555555	1	0.010187004293094666	1	0	343.0	0.1749271137026239	0.0029154518950437317	0.058	0.0	0.0	2.0	0.0	2.0	0.0	0.0			0	0
GRCh37_21_43187195_C_T	21	1	0.0	0.125		0.0	0.0	0.0	0.0	0.0	0.0	2.0	2.0	4.0	0	0.0	1	0.0	1	0.0	1	0.03256056264652253	1	0	32.0	0.15625	0.0625	0.333	0.0	0.0	0.0	1.0	1.0	0.0	0.0			0	0
GRCh37_21_47818033_C_T	21	3	0.0	0.48936170212765956		0.0	0.0	0.0	0.0	0.0	0.0	1.0	66.0	1.0	0	0.0	1	0.0	1	0.0	1	3.420674557022645e-05	1	0	343.0	0.1749271137026239	0.0029154518950437317	0.108	0.0	0.0	2.0	0.0	2.0	0.0	0.0			0	0
GRCh37_21_41505772_G_A	21	2	0.0		0.59375	0.0	0.0	0.0	0.0	0.0	0.0	2.0	2.0	2.0	0	0.0	0	0.0	0	0.0	0	6.609385327164574e-05	1	0	13.0	0.6153846153846154	0.07692307692307693		0.0	0.0	0.0	0.0	0.0	0.0	0.0			0	0
GRCh37_21_35819536_A_G	21	1	0.0	1.0		0.0	0.0	0.0	0.0	0.0	0.0	1.0	9.0	7.0	0	0.0	1	0.0	1	0.0	1	1.0	1	0	76.0	0.07894736842105263	0.06578947368421052		0.0	0.0	0.0	0.0	0.0	0.0	0.0			0	0
GRCh37_21_47418564_T_C	21	1	0.0		0.7058823529411765	0.0	0.0	0.0	0.0	0.0	0.0	1.0	65.0	48.0	0	0.0	0	0.0	0	0.0	0	0.934767602393005	1	0	363.0	0.0440771349862259	0.10192837465564739		0.0	0.0	0.0	0.0	0.0	0.0	0.0			0	0
GRCh37_21_43161588_G_A	21	2	0.0	1.0		0.0	0.0	0.0	0.0	0.0	0.0	2.0	2.0	4.0	0	0.0	1	0.0	1	0.0	1	8.989410474461085e-06	1	0	32.0	0.15625	0.0625		0.0	0.0	0.0	0.0	0.0	0.0	0.0			0	0
GRCh37_21_43864708_G_A	21	1	0.0	0.9333333333333333	1.0	0.0	0.0	0.0	0.0	0.0	0.0				0	0.0	0	0.0	0	0.0	0	0.07700837851158206	1	0	1.0	1.0			0.0	0.0	0.0	0.0	0.0	0.0	0.0			0	0
GRCh37_21_45758998_C_A	21	2	0.0		0.16666666666666666	0.0	0.0	3.0	0.0	0.0	0.0				0	0.0	1	0.0	1	0.0	1	3.598416696653473e-05	1	0	33.0	0.030303030303030304	0.09090909090909091		0.0	0.0	0.0	0.0	0.0	0.0	0.0	0.290345319499444	0.436	0	0
GRCh37_21_47538934_C_T	21	2	0.0		0.48148148148148145	0.0	0.0	0.0	0.0	0.0	0.0	1.0	95.0	45.0	0	0.5	0	0.2	1	0.2	1	0.00031869278015992584	1	0	323.0	0.021671826625386997	0.1021671826625387		0.0	0.0	0.0	0.0	0.0	0.0	0.0	1.94815424991252e-05	0.0	0	0
GRCh37_21_36206817_C_T	21	3	0.0	0.8		0.0	0.0	0.0	0.0	0.0	0.0	1.0	65.0	23.0	0	0.058823529411764705	1	0.06060606060606061	1	0.05405405405405406	1	8.803901889317345e-06	1	0	312.0	0.060897435897435896	0.07371794871794872	0.218	0.0	0.0	2.0	1.0	0.0	1.0	2.0			0	0
GRCh37_21_44480662_G_C	21	2	0.0		0.7058823529411765	0.0	0.0	5.0	0.0	0.0	0.0	1.0	62.0	54.0	0	0.0	1	0.1	1	0.1	1	0.0	1	0	197.0	0.005076142131979695	0.14720812182741116		0.0	0.0	0.0	0.0	0.0	0.0	0.0	0.0290156466026744	0.132	0	0
GRCh37_21_47565807_G_A	21	2	0.0	0.6428571428571429		0.0	0.0	0.0	0.0	0.0	0.0	2.0	4.0	2.0	0	0.0	0	0.0	1	0.0	1	0.0009794319294809011	1	0	172.0	0.09883720930232558	0.029069767441860465		0.0	0.0	0.0	0.0	0.0	0.0	0.0			0	0
GRCh37_21_47786817_C_G	21	1	0.0	0.3191489361702128		0.0	0.0	0.0	0.0	0.0	0.0	1.0	66.0	1.0	0	0.0	0	0.0	1	0.2222222222222222	1	0.8976096599310005	1	0	343.0	0.1749271137026239	0.0029154518950437317		0.0	0.0	0.0	0.0	0.0	0.0	0.0			0	0
GRCh37_21_33038812_G_A	21	3	0.0	0.6		0.0	0.0	0.0	0.0	0.0	0.0	1.0	3.0	66.0	0	0.8	1	0.6666666666666666	1	0.6666666666666666	1		0	0	79.0		0.6835443037974683	0.001	1.0	0.0	0.0	0.0	0.0	0.0	1.0			0	0
GRCh37_21_47552374_C_G	21	3	0.0	1.0		0.0	0.0	0.0	0.0	0.0	0.0	2.0	4.0	2.0	0	0.0	1	0.0	1	0.04054054054054054	1	1.850686604730355e-05	1	0	172.0	0.09883720930232558	0.029069767441860465	0.261	1.0	0.0	0.0	0.0	0.0	0.0	1.0			0	0
GRCh37_21_35819684_C_T	21	3	0.0	1.0		0.0	0.0	0.0	0.0	0.0	0.0	1.0	9.0	7.0	0	0.0	0	0.0	0	0.0	1	0.00019450207468879667	1	0	76.0	0.07894736842105263	0.06578947368421052		0.0	0.0	0.0	0.0	0.0	0.0	0.0			0	0
GRCh37_21_35821806_C_T	21	3	0.0	1.0		0.0	0.0	0.0	0.0	0.0	0.0	1.0	9.0	7.0	0	0.05263157894736842	1	0.10344827586206896	1	0.11363636363636363	1	0.0002023706273489448	1	0	76.0	0.07894736842105263	0.06578947368421052	0.028	8.0	0.0	0.0	0.0	0.0	8.0	0.0			0	0
GRCh37_21_47424484_TCTC_T	21	3	0.0	1.0		0.0	0.0	0.0	0.0	0.0	0.0	1.0	65.0	48.0	0	0.0	0	0.0	0	0.0	1	6.480041472265422e-05	1	0	363.0	0.0440771349862259	0.10192837465564739		0.0	0.0	0.0	0.0	0.0	0.0	0.0			0	0
